Crop,State,Land_Area,Yield_per_Acre,Predicted_Price,Cultivation_Cost,Production,Revenue,Profit,Loan_Amount,Interest_Rate,Tenure,EMI,Profit_Margin,Debt_to_Profit_Ratio,Risk
Rice,Bihar,4.04,2.53,28903.96,58515.64,10.22,295398.47,236882.83,273962.88,7.75,9,31431.73,80.19,1.16,SAFE
Wheat,Madhya Pradesh,8.79,3.61,23825.37,186636.65,31.73,755978.99,569342.34,248062.59,9.33,6,42476.09,75.31,0.44,SAFE
Wheat,Punjab,9.43,2.91,20536.86,176790.93,27.44,563531.44,386740.51,209958.1,8.26,9,24138.92,68.63,0.54,SAFE
Wheat,Uttar Pradesh,6.77,1.76,27833.63,205571.55,11.92,331776.87,126205.32,250722.75,7.19,6,42667.8,38.04,1.99,SAFE
Wheat,Bihar,3.79,2.62,23212.33,176090.96,9.93,230498.44,54407.48,127213.32,7.46,12,11034.35,23.6,2.34,MODERATE
Rice,Madhya Pradesh,6.48,3.26,29394.52,218545.79,21.12,620812.26,402266.47,137591.93,7.59,9,15775.54,64.8,0.34,SAFE
Rice,Punjab,6.8,1.98,22878.38,187400.36,13.46,307942.99,120542.63,42672.11,9.95,9,4940.08,39.14,0.35,SAFE
Wheat,Uttar Pradesh,4.16,3.03,26369.46,221849.25,12.6,332255.2,110405.95,278131.38,8.98,9,32071.29,33.23,2.52,MODERATE
Rice,Haryana,4.09,3.61,20120.94,121125.04,14.76,296985.07,175860.03,97001.56,7.06,9,11097.48,59.22,0.55,SAFE
Rice,Bihar,4.29,3.14,24978.13,126893.64,13.47,336455.41,209561.77,178779.8,11.78,9,20852.13,62.29,0.85,SAFE
Wheat,Haryana,8.99,3.49,20029.62,56111.54,31.38,628529.48,572417.94,266903.81,7.44,12,23148.49,91.07,0.47,SAFE
Rice,Madhya Pradesh,7.55,2.99,22331.75,181503.93,22.57,504027.6,322523.67,270136.18,7.13,6,45963.6,63.99,0.84,SAFE
Wheat,Bihar,5.96,3.94,27957.72,127917.25,23.48,656447.27,528530.02,279048.0,10.39,6,47927.51,80.51,0.53,SAFE
Rice,Bihar,1.08,2.91,28951.71,126975.09,3.14,90908.37,-36066.72,48182.6,10.3,9,5586.0,-39.67,999.0,RISKY
Rice,Punjab,7.53,2.81,20049.2,192322.22,21.16,424241.07,231918.85,65093.66,11.13,6,11203.84,54.67,0.28,SAFE
Wheat,Punjab,6.69,3.7,29593.87,89884.75,24.75,732448.28,642563.53,124600.29,10.39,12,10976.96,87.73,0.19,SAFE
Rice,Bihar,8.87,3.69,18712.68,232959.04,32.73,612466.02,379506.98,31965.04,10.81,6,5496.73,61.96,0.08,SAFE
Wheat,Uttar Pradesh,5.85,3.94,24629.86,219895.61,23.05,567718.27,347822.66,44563.75,7.58,9,5109.23,61.27,0.13,SAFE
Wheat,Haryana,5.92,1.71,20284.53,217379.94,10.12,205279.44,-12100.5,79466.98,11.38,9,9253.61,-5.89,999.0,RISKY
Rice,Madhya Pradesh,1.94,3.49,19563.34,220977.4,6.77,132443.81,-88533.59,228919.33,8.87,6,39146.33,-66.85,999.0,RISKY
Wheat,Madhya Pradesh,9.51,3.4,22859.18,191350.05,32.33,739037.29,547687.24,246323.26,10.67,12,21732.56,74.11,0.45,SAFE
Wheat,Punjab,2.29,2.75,21733.79,105137.53,6.3,136922.88,31785.35,41575.35,7.61,6,7083.84,23.21,1.31,RISKY
Rice,Haryana,4.57,3.08,21549.68,235669.77,14.08,303419.49,67749.72,72651.09,9.76,6,12455.53,22.33,1.07,MODERATE
Wheat,Madhya Pradesh,4.92,1.52,20574.04,189481.43,7.48,153893.82,-35587.61,200839.24,11.19,9,23368.8,-23.12,999.0,RISKY
Wheat,Bihar,8.86,2.11,28762.57,97184.15,18.69,537572.43,440388.28,45412.33,7.95,9,5214.43,81.92,0.1,SAFE
Wheat,Madhya Pradesh,1.02,3.08,24785.04,186484.79,3.14,77825.03,-108659.76,280937.2,8.36,12,24485.07,-139.62,999.0,RISKY
Wheat,Punjab,2.63,2.68,23307.26,228570.9,7.05,164316.18,-64254.72,45987.3,9.36,12,4029.34,-39.1,999.0,RISKY
Wheat,Madhya Pradesh,2.67,2.21,28636.06,131184.11,5.9,168952.75,37768.64,119919.42,8.6,12,10464.9,22.35,3.18,RISKY
Rice,Haryana,7.96,2.56,26125.01,87232.14,20.38,532427.7,445195.56,31992.65,10.06,6,5489.65,83.62,0.07,SAFE
Rice,Bihar,5.48,1.78,19937.11,139576.78,9.75,194386.82,54810.04,131948.72,10.97,6,22700.42,28.2,2.41,MODERATE
Rice,Haryana,8.48,2.1,18489.84,218743.41,17.81,329304.05,110560.64,146196.46,11.21,9,17012.19,33.57,1.32,MODERATE
Wheat,Bihar,9.17,2.2,18163.82,124100.49,20.17,366364.25,242263.76,187280.41,10.58,12,16515.49,66.13,0.77,SAFE
Rice,Haryana,1.35,2.04,27207.46,220316.0,2.75,74820.51,-145495.49,116042.82,9.08,6,19855.89,-194.46,999.0,RISKY
Rice,Uttar Pradesh,5.87,1.61,27037.71,102643.14,9.45,255506.36,152863.22,126448.56,11.24,6,21771.03,59.83,0.83,SAFE
Rice,Uttar Pradesh,7.86,1.57,28221.91,198571.3,12.34,348258.37,149687.07,277280.55,9.92,12,24367.05,42.98,1.85,SAFE
Rice,Uttar Pradesh,8.62,3.81,27059.1,93653.82,32.84,888620.84,794967.02,107280.38,7.7,6,18283.76,89.46,0.13,SAFE
Rice,Haryana,8.41,2.51,28487.37,223645.32,21.11,601368.38,377723.06,283343.71,11.15,6,48771.55,62.81,0.75,SAFE
Wheat,Punjab,5.74,2.21,29580.19,90889.6,12.69,375372.61,284483.01,112779.15,7.78,6,19225.35,75.79,0.4,SAFE
Wheat,Bihar,2.2,2.5,24548.81,242265.52,5.5,135018.46,-107247.06,263737.26,7.08,9,30175.39,-79.43,999.0,RISKY
Wheat,Punjab,4.16,2.5,21680.14,118177.35,10.4,225473.46,107296.11,241570.66,9.77,9,27945.66,47.59,2.25,MODERATE
Rice,Bihar,3.17,1.58,25196.51,58654.57,5.01,126234.52,67579.95,293657.22,8.6,6,50177.83,53.54,4.35,RISKY
Rice,Madhya Pradesh,7.35,2.34,24971.24,145487.87,17.2,429505.33,284017.46,96568.9,11.68,9,11258.81,66.13,0.34,SAFE
Wheat,Bihar,6.36,3.73,23936.63,76261.74,23.72,567776.86,491515.12,102143.48,8.04,6,17425.35,86.57,0.21,SAFE
Rice,Punjab,8.17,3.99,19436.1,65865.8,32.6,633616.86,567751.06,259766.66,7.35,12,22518.7,89.6,0.46,SAFE
Rice,Uttar Pradesh,8.67,1.63,23240.14,248890.43,14.13,328383.18,79492.75,295188.9,11.66,6,50884.78,24.21,3.71,MODERATE
Wheat,Punjab,3.99,3.31,21423.4,130428.03,13.21,283003.11,152575.08,61003.21,9.51,9,7049.54,53.91,0.4,SAFE
Wheat,Bihar,3.58,3.9,26076.95,98214.34,13.96,364034.22,265819.88,175064.62,11.48,9,20393.87,73.02,0.66,SAFE
Rice,Punjab,3.66,2.64,22630.97,126702.68,9.66,218615.17,91912.49,196190.96,10.77,9,22788.88,42.04,2.13,MODERATE
Rice,Punjab,2.12,2.73,24118.09,111126.9,5.79,139643.74,28516.84,273032.52,7.22,9,31256.88,20.42,9.57,RISKY
Rice,Bihar,9.34,2.66,21119.71,104347.9,24.84,524613.6,420265.7,97786.15,7.9,9,11225.9,80.11,0.23,SAFE
Rice,Bihar,1.73,2.1,26264.05,76859.81,3.63,95338.5,18478.69,112519.86,8.41,12,9809.27,19.38,6.09,RISKY
Wheat,Uttar Pradesh,9.35,2.91,25965.16,91279.17,27.21,706512.0,615232.83,244615.85,10.48,9,28380.14,87.08,0.4,SAFE
Wheat,Bihar,7.72,2.15,21138.47,85102.4,16.6,350898.6,265796.2,232944.08,11.63,9,27153.03,75.75,0.88,SAFE
Wheat,Uttar Pradesh,5.98,2.95,25383.51,223964.91,17.64,447765.12,223800.21,189973.6,8.71,6,32471.47,49.98,0.85,SAFE
Wheat,Haryana,5.84,3.95,20744.87,119000.14,23.07,478584.15,359584.01,227313.89,10.05,9,26326.5,75.13,0.63,SAFE
Rice,Punjab,1.56,2.07,18485.2,194113.88,3.23,59707.2,-134406.68,48164.11,7.33,9,5516.34,-225.11,999.0,RISKY
Wheat,Bihar,5.42,2.16,19008.63,191210.02,11.71,222591.06,31381.04,197963.66,10.67,9,22985.41,14.1,6.31,RISKY
Wheat,Punjab,4.13,3.86,22379.52,204124.5,15.94,356729.55,152605.05,182436.89,10.03,12,16041.65,42.78,1.2,SAFE
Rice,Bihar,2.4,2.53,19323.6,133789.53,6.07,117294.25,-16495.28,253437.09,8.06,12,22053.13,-14.06,999.0,RISKY
Wheat,Uttar Pradesh,1.78,1.78,19403.76,227559.26,3.17,61509.92,-166049.34,294182.02,7.17,12,25477.67,-269.96,999.0,RISKY
Rice,Punjab,4.88,3.17,23010.75,129676.54,15.47,355976.3,226299.76,55592.41,7.46,9,6370.52,63.57,0.25,SAFE
Wheat,Bihar,3.4,2.18,21682.22,141738.87,7.41,160665.25,18926.38,102384.95,8.12,12,8911.99,11.78,5.41,RISKY
Rice,Bihar,1.75,2.12,23024.17,126345.45,3.71,85419.67,-40925.78,206801.73,7.43,6,35217.72,-47.91,999.0,RISKY
Wheat,Haryana,3.59,3.01,22248.89,112790.64,10.81,240510.5,127719.86,197459.48,9.36,9,22804.46,53.1,1.55,SAFE
Rice,Uttar Pradesh,7.37,3.2,29767.85,171578.21,23.58,701925.9,530347.69,137285.53,9.18,9,15843.34,75.56,0.26,SAFE
Wheat,Punjab,5.36,3.88,22952.06,226667.65,20.8,477402.85,250735.2,132854.5,11.13,9,15454.61,52.52,0.53,SAFE
Wheat,Uttar Pradesh,7.04,3.54,22190.06,119568.33,24.92,552976.3,433407.97,58279.15,8.33,12,5078.51,78.38,0.13,SAFE
Wheat,Uttar Pradesh,2.77,3.93,22324.03,166141.43,10.89,243108.69,76967.26,103001.85,7.75,9,11817.39,31.66,1.34,MODERATE
Rice,Punjab,5.05,2.86,19649.86,107121.9,14.44,283743.98,176622.08,217694.53,8.62,12,18999.37,62.25,1.23,SAFE
Wheat,Punjab,1.05,2.22,26092.93,228362.8,2.33,60796.53,-167566.27,190470.48,11.87,9,22223.83,-275.62,999.0,RISKY
Rice,Punjab,4.44,3.89,23346.36,213182.6,17.27,403191.64,190009.04,41457.32,10.23,9,4804.94,47.13,0.22,SAFE
Rice,Punjab,3.07,3.01,22620.05,158976.87,9.24,209009.26,50032.39,208171.27,8.14,6,35523.57,23.94,4.16,RISKY
Wheat,Bihar,4.24,2.19,25433.87,99649.15,9.29,236280.65,136631.5,112348.71,7.64,12,9754.35,57.83,0.82,SAFE
Wheat,Punjab,3.55,3.35,29718.4,218015.98,11.89,353351.78,135335.8,100979.62,9.7,12,8863.63,38.3,0.75,SAFE
Wheat,Madhya Pradesh,4.88,1.9,18449.64,177486.99,9.27,171028.16,-6458.83,237915.82,10.78,12,21002.99,-3.78,999.0,RISKY
Wheat,Madhya Pradesh,1.16,3.15,18245.7,81067.75,3.65,66596.81,-14470.94,179189.99,7.62,6,30532.25,-21.73,999.0,RISKY
Wheat,Madhya Pradesh,6.66,3.24,20962.88,122372.03,21.58,452378.95,330006.92,197113.73,8.23,6,33645.37,72.95,0.6,SAFE
Rice,Uttar Pradesh,6.19,3.73,20135.81,136458.04,23.09,464935.85,328477.81,64557.64,7.49,12,5600.56,70.65,0.2,SAFE
Wheat,Madhya Pradesh,3.96,3.9,18829.19,187540.25,15.44,290722.69,103182.44,172657.98,8.62,9,19879.83,35.49,1.67,MODERATE
Wheat,Haryana,1.19,2.33,21053.06,204435.56,2.77,58316.98,-146118.58,185537.35,10.86,12,16385.99,-250.56,999.0,RISKY
Rice,Madhya Pradesh,4.35,2.9,22312.79,114054.36,12.61,281364.28,167309.92,55761.15,9.56,9,6445.09,59.46,0.33,SAFE
Rice,Uttar Pradesh,5.2,3.64,24953.97,135398.91,18.93,472378.65,336979.74,122830.44,9.93,6,21068.72,71.34,0.36,SAFE
Rice,Haryana,2.76,3.3,26778.4,56827.75,9.11,243951.22,187123.47,198905.86,7.89,12,17292.39,76.71,1.06,SAFE
Rice,Uttar Pradesh,7.84,3.45,27746.4,148078.02,27.05,750540.12,602462.1,233191.58,8.32,9,26816.67,80.27,0.39,SAFE
Wheat,Bihar,8.67,1.65,21437.06,86979.14,14.31,306764.33,219785.19,62011.9,8.91,12,5420.44,71.65,0.28,SAFE
Wheat,Madhya Pradesh,5.9,2.59,23555.51,187981.35,15.28,359928.19,171946.84,201285.31,9.93,6,34525.84,47.77,1.17,SAFE
Wheat,Haryana,4.11,2.73,22503.32,150213.32,11.22,252487.25,102273.93,84394.59,7.02,6,14355.16,40.51,0.83,MODERATE
Wheat,Uttar Pradesh,1.22,1.76,21250.88,104084.81,2.15,45689.39,-58395.42,124320.21,10.32,6,21348.16,-127.81,999.0,RISKY
Wheat,Uttar Pradesh,3.28,3.31,23219.96,228391.75,10.86,252168.77,23777.02,34501.49,9.39,9,3985.04,9.43,1.45,RISKY
Rice,Haryana,6.11,2.77,18762.74,132754.58,16.92,317465.56,184710.98,77275.81,11.55,9,9004.69,58.18,0.42,SAFE
Wheat,Bihar,3.23,3.79,18149.49,180749.38,12.24,222149.76,41400.38,169450.89,11.3,6,29179.89,18.64,4.09,RISKY
Wheat,Haryana,8.52,1.85,25904.22,150766.91,15.76,408250.51,257483.6,73459.97,9.79,6,12595.29,63.07,0.29,SAFE
Wheat,Uttar Pradesh,1.6,1.65,27166.02,226452.12,2.64,71718.29,-154733.83,72097.84,7.69,6,12287.26,-215.75,999.0,RISKY
Rice,Uttar Pradesh,4.45,3.8,18766.74,214253.66,16.91,317345.57,103091.91,249883.64,10.5,6,42931.98,32.49,2.42,MODERATE
Rice,Punjab,9.34,2.14,21305.02,186318.23,19.99,425887.35,239569.12,97807.9,7.61,6,16665.04,56.25,0.41,SAFE
Rice,Haryana,7.77,2.74,19780.72,79896.06,21.29,421131.53,341235.47,218757.12,9.17,6,37440.85,81.03,0.64,SAFE
Rice,Haryana,9.33,1.94,23001.51,127265.75,18.1,416327.33,289061.58,106652.45,8.46,12,9300.23,69.43,0.37,SAFE
Rice,Haryana,1.05,3.79,28572.3,204555.34,3.98,113717.75,-90837.59,221272.46,7.21,12,19167.41,-79.88,999.0,RISKY
Rice,Punjab,6.94,2.84,29690.48,72951.68,19.71,585199.36,512247.68,161727.6,10.95,9,18799.53,87.53,0.32,SAFE
Rice,Bihar,5.17,1.82,19935.79,222589.04,9.41,187595.78,-34993.26,33993.64,7.32,6,5787.18,-18.65,999.0,RISKY
Rice,Haryana,3.22,1.9,23883.31,75661.96,6.12,146165.86,70503.9,83926.66,8.39,12,7315.79,48.24,1.19,MODERATE
Wheat,Haryana,6.82,2.22,20730.07,193633.7,15.14,313853.26,120219.56,32344.45,8.9,9,3728.41,38.3,0.27,SAFE
Wheat,Bihar,6.52,3.02,25988.59,117227.01,19.69,511715.34,394488.33,164077.69,7.88,6,27978.22,77.09,0.42,SAFE
Rice,Madhya Pradesh,9.25,2.14,27797.44,82456.04,19.8,550389.31,467933.27,200047.19,8.68,12,17464.75,85.02,0.43,SAFE
Rice,Uttar Pradesh,7.88,2.45,21279.2,93188.38,19.31,410901.35,317712.97,274058.4,11.79,6,47259.89,77.32,0.86,SAFE
Rice,Uttar Pradesh,9.31,2.43,21852.99,226104.38,22.62,494314.63,268210.25,233393.72,8.36,6,39852.93,54.26,0.87,SAFE
Wheat,Bihar,7.68,2.89,26763.49,128719.77,22.2,594149.48,465429.71,211801.96,11.39,6,36482.26,78.34,0.46,SAFE
Rice,Madhya Pradesh,3.89,1.88,27793.92,154868.52,7.31,203173.56,48305.04,157301.95,7.03,12,13613.0,23.78,3.26,RISKY
Rice,Bihar,5.35,2.79,19514.08,128808.18,14.93,291345.21,162537.03,75897.63,10.64,9,8811.34,55.79,0.47,SAFE
Rice,Madhya Pradesh,5.24,3.23,25831.27,139391.68,16.93,437323.4,297931.72,31150.32,10.06,12,2739.48,68.13,0.1,SAFE
Wheat,Uttar Pradesh,8.29,1.65,29453.59,175791.67,13.68,402925.11,227133.44,127936.35,7.45,6,21788.44,56.37,0.56,SAFE
Rice,Madhya Pradesh,4.72,1.85,18578.88,56647.02,8.73,162193.62,105546.6,245692.58,9.54,12,21547.75,65.07,2.33,MODERATE
Wheat,Punjab,3.18,3.72,22211.86,232664.18,11.83,262766.3,30102.12,162216.02,11.68,12,14388.42,11.46,5.39,RISKY
Wheat,Madhya Pradesh,9.06,2.89,22925.71,206250.56,26.18,600195.09,393944.53,193208.87,8.84,12,16882.07,65.64,0.49,SAFE
Wheat,Uttar Pradesh,8.29,2.74,29855.84,151757.12,22.71,678026.13,526269.01,266171.61,9.58,12,23348.75,77.62,0.51,SAFE
Wheat,Punjab,6.11,2.73,18788.09,237745.7,16.68,313385.34,75639.64,287839.9,7.29,6,48998.5,24.14,3.81,MODERATE
Rice,Bihar,8.67,3.78,21488.1,183740.35,32.77,704165.04,520424.69,139500.98,8.9,12,12193.1,73.91,0.27,SAFE
Rice,Haryana,4.22,3.24,23109.87,93999.0,13.67,315911.92,221912.92,138742.2,11.72,9,16178.36,70.25,0.63,SAFE
Rice,Punjab,7.63,3.24,24276.66,142013.55,24.72,600119.04,458105.49,173153.26,7.63,9,19856.07,76.34,0.38,SAFE
Rice,Punjab,8.25,3.72,22152.43,222316.92,30.69,679858.08,457541.16,108283.08,8.26,12,9432.4,67.3,0.24,SAFE
Wheat,Punjab,3.67,3.42,18958.14,50301.44,12.55,237924.66,187623.22,274546.65,10.66,12,24221.37,78.86,1.46,SAFE
Rice,Madhya Pradesh,8.98,3.72,23760.05,207282.27,33.41,793823.27,586541.0,87702.93,8.85,12,7663.65,73.89,0.15,SAFE
Rice,Madhya Pradesh,3.74,3.48,18436.27,130653.13,13.02,240040.24,109387.11,284598.01,7.06,12,24633.21,45.57,2.6,MODERATE
Rice,Uttar Pradesh,3.01,3.08,25174.35,229150.78,9.27,233366.22,4215.44,184900.58,7.31,12,16025.28,1.81,43.86,RISKY
Wheat,Bihar,4.8,2.77,29346.09,219707.02,13.3,390303.0,170595.98,174038.65,9.28,6,29796.59,43.71,1.02,SAFE
Rice,Uttar Pradesh,7.52,2.2,28862.89,87105.79,16.54,477392.2,390286.41,257154.59,11.18,6,44267.46,81.75,0.66,SAFE
Wheat,Uttar Pradesh,4.43,3.95,23475.83,170916.93,17.5,410827.03,239910.1,202091.4,11.28,9,23523.13,58.4,0.84,SAFE
Wheat,Bihar,1.21,3.71,18686.05,193870.08,4.49,83900.36,-109969.72,50185.2,9.57,6,8599.21,-131.07,999.0,RISKY
Wheat,Uttar Pradesh,3.11,3.0,28892.35,156978.03,9.33,269565.63,112587.6,189583.52,10.5,12,16711.52,41.77,1.68,MODERATE
Rice,Madhya Pradesh,6.71,2.16,21683.96,54314.54,14.49,314200.58,259886.04,45699.28,10.17,9,5295.29,82.71,0.18,SAFE
Wheat,Uttar Pradesh,5.41,2.67,22914.97,120066.62,14.44,330892.17,210825.55,268319.83,9.66,9,31026.13,63.71,1.27,SAFE
Wheat,Haryana,3.17,2.06,26608.69,156678.53,6.53,173754.75,17076.22,227035.79,8.07,6,38734.92,9.83,13.3,RISKY
Rice,Haryana,9.26,3.53,20122.04,212035.57,32.69,657789.49,445753.92,167992.65,8.63,9,19343.46,67.77,0.38,SAFE
Rice,Punjab,7.57,4.0,21683.68,78051.94,30.28,656581.83,578529.89,154038.8,9.77,9,17819.69,88.11,0.27,SAFE
Rice,Uttar Pradesh,1.74,2.94,26999.42,58635.43,5.12,138237.03,79601.6,108084.85,8.33,12,9418.63,57.58,1.36,MODERATE
Rice,Punjab,7.21,1.83,24707.89,131912.81,13.19,325897.07,193984.26,84531.31,8.05,12,7355.2,59.52,0.44,SAFE
Rice,Uttar Pradesh,3.18,3.38,20967.69,146704.13,10.75,225402.67,78698.54,293552.86,10.46,12,25870.81,34.91,3.73,MODERATE
Rice,Haryana,4.22,1.76,27627.23,247932.64,7.43,205270.32,-42662.32,81382.34,8.01,9,9346.95,-20.78,999.0,RISKY
Rice,Haryana,8.57,3.52,20097.45,149580.79,30.17,606340.07,456759.28,48758.0,10.61,9,5659.87,75.33,0.11,SAFE
Wheat,Bihar,5.6,1.56,26635.7,231872.42,8.74,232796.02,923.6,91190.56,11.27,6,15701.9,0.4,98.73,RISKY
Rice,Bihar,8.91,1.91,23915.45,184492.02,17.02,407040.96,222548.94,284689.76,9.94,9,32956.7,54.67,1.28,SAFE
Rice,Bihar,7.45,1.51,18375.3,238436.34,11.25,206722.12,-31714.22,38075.25,11.01,6,6551.21,-15.34,999.0,RISKY
Wheat,Punjab,5.61,2.14,29617.49,241123.87,12.01,355706.05,114582.18,97133.96,8.59,12,8476.05,32.21,0.85,MODERATE
Rice,Uttar Pradesh,1.33,2.46,24762.57,152358.55,3.27,80973.6,-71384.95,269116.58,9.28,6,46074.57,-88.16,999.0,RISKY
Rice,Haryana,2.47,3.92,27653.5,226926.46,9.68,267685.88,40759.42,33617.9,7.87,9,3858.88,15.23,0.82,RISKY
Wheat,Uttar Pradesh,3.78,3.0,21692.58,184020.67,11.34,245993.86,61973.19,30316.63,11.63,9,3533.85,25.19,0.49,MODERATE
Wheat,Madhya Pradesh,5.9,3.15,29692.41,192486.88,18.59,551981.9,359495.02,209024.96,9.2,9,24124.35,65.13,0.58,SAFE
Wheat,Uttar Pradesh,7.21,3.81,25127.22,220680.81,27.47,690244.73,469563.92,171823.08,11.79,12,15249.4,68.03,0.37,SAFE
Wheat,Madhya Pradesh,5.19,3.31,22480.12,233744.19,17.18,386208.46,152464.27,80560.68,7.15,12,6976.23,39.48,0.53,SAFE
Rice,Haryana,9.15,2.29,29549.86,116178.24,20.95,619069.57,502891.33,140915.35,10.72,9,16364.91,81.23,0.28,SAFE
Wheat,Uttar Pradesh,6.58,2.37,19319.46,60157.69,15.59,301190.38,241032.69,58194.77,7.49,6,9912.11,80.03,0.24,SAFE
Rice,Haryana,6.92,2.2,25772.67,102002.05,15.22,392260.04,290257.99,205143.54,9.39,12,17977.23,74.0,0.71,SAFE
Rice,Haryana,7.0,1.69,22851.43,178874.18,11.83,270332.42,91458.24,216299.16,11.36,12,19153.22,33.83,2.37,MODERATE
Rice,Bihar,7.16,3.92,25455.42,191519.28,28.07,714533.64,523014.36,144332.14,8.35,12,12578.6,73.2,0.28,SAFE
Rice,Haryana,9.86,2.7,25760.62,113883.55,26.62,685747.7,571864.15,288863.77,11.53,6,49775.9,83.39,0.51,SAFE
Rice,Uttar Pradesh,1.56,2.22,24715.68,220345.78,3.46,85516.25,-134829.53,201978.94,9.82,12,17740.25,-157.67,999.0,RISKY
Wheat,Punjab,5.14,3.87,22617.83,149935.76,19.89,449868.64,299932.88,106284.05,9.65,9,12289.24,66.67,0.35,SAFE
Wheat,Madhya Pradesh,8.59,2.02,22958.3,171596.06,17.35,398326.51,226730.45,203134.23,9.95,6,34844.99,56.92,0.9,SAFE
Wheat,Uttar Pradesh,1.1,2.92,24932.07,123492.66,3.21,80031.94,-43460.72,205549.59,10.09,9,23809.75,-54.3,999.0,RISKY
Wheat,Bihar,4.01,2.7,25151.18,187987.81,10.83,272387.28,84399.47,262147.9,9.18,9,30252.99,30.99,3.11,MODERATE
Wheat,Uttar Pradesh,7.08,1.86,21780.08,69381.61,13.17,286843.65,217462.04,274013.51,11.38,12,24266.36,75.81,1.26,SAFE
Wheat,Punjab,9.46,2.77,26946.1,174539.85,26.2,705987.82,531447.97,135323.73,7.79,12,11758.46,75.28,0.25,SAFE
Rice,Madhya Pradesh,5.32,3.96,19056.53,221129.68,21.07,401521.09,180391.41,150419.37,11.87,6,25944.95,44.93,0.83,SAFE
Wheat,Bihar,2.93,3.57,23020.47,219663.72,10.46,240794.12,21130.4,80476.5,7.36,6,13702.14,8.78,3.81,RISKY
Wheat,Haryana,4.43,1.66,19951.87,96971.87,7.35,146646.24,49674.37,121508.77,9.76,12,10668.99,33.87,2.45,RISKY
Wheat,Haryana,3.21,2.16,18345.5,223851.91,6.93,127134.31,-96717.6,265539.33,8.85,9,30603.0,-76.08,999.0,RISKY
Wheat,Bihar,6.69,2.33,24747.85,75139.58,15.59,385818.98,310679.4,282385.99,11.58,9,32909.51,80.52,0.91,SAFE
Wheat,Bihar,3.74,1.6,29808.18,158038.86,5.98,178252.92,20214.06,182056.04,11.28,12,16114.2,11.34,9.01,RISKY
Rice,Bihar,7.5,3.69,25497.75,51636.96,27.68,705777.72,654140.76,220502.96,11.62,12,19552.24,92.68,0.34,SAFE
Wheat,Haryana,2.74,2.79,23917.83,195866.61,7.64,182732.22,-13134.39,212184.6,7.09,9,24278.01,-7.19,999.0,RISKY
Wheat,Uttar Pradesh,9.16,1.86,24279.63,55036.85,17.04,413724.9,358688.05,102764.09,10.03,9,11900.71,86.7,0.29,SAFE
Wheat,Punjab,7.37,3.35,23004.06,199837.31,24.69,567970.24,368132.93,299409.44,7.21,12,25935.92,64.82,0.81,SAFE
Wheat,Uttar Pradesh,9.94,3.37,26355.31,69463.18,33.5,882902.89,813439.71,134035.84,8.23,6,22878.6,92.13,0.16,SAFE
Rice,Bihar,1.71,3.59,26611.34,178078.89,6.14,163393.63,-14685.26,66012.46,7.73,6,11251.45,-8.99,999.0,RISKY
Wheat,Uttar Pradesh,9.28,2.84,26336.44,134168.58,26.36,694228.56,560059.98,282601.26,8.38,6,48258.09,80.67,0.5,SAFE
Wheat,Bihar,2.53,2.2,19227.28,202663.49,5.57,107095.95,-95567.54,299338.28,9.89,12,26301.28,-89.24,999.0,RISKY
Rice,Uttar Pradesh,7.9,3.82,18628.35,110928.64,30.18,562203.6,451274.96,87940.26,7.09,9,10062.06,80.27,0.19,SAFE
Rice,Uttar Pradesh,5.49,2.7,23743.35,239912.77,14.82,351876.45,111963.68,170076.73,8.18,6,29026.24,31.82,1.52,MODERATE
Wheat,Haryana,8.45,3.41,27570.0,191299.84,28.81,794291.7,602991.86,132096.32,8.92,9,15228.26,75.92,0.22,SAFE
Rice,Uttar Pradesh,4.13,2.16,28563.7,218692.98,8.92,254788.2,36095.22,130626.19,8.79,12,11410.74,14.17,3.62,RISKY
Wheat,Madhya Pradesh,6.3,3.67,19927.68,220922.57,23.12,460727.96,239805.39,81118.02,11.21,9,9439.32,52.05,0.34,SAFE
Rice,Punjab,7.97,3.32,26778.91,89100.29,26.46,708569.96,619469.67,48440.23,9.87,12,4255.74,87.43,0.08,SAFE
Wheat,Madhya Pradesh,8.61,2.78,29471.82,215764.49,23.94,705555.37,489790.88,74841.22,9.25,6,12812.22,69.42,0.15,SAFE
Wheat,Madhya Pradesh,2.92,2.88,20958.08,62937.5,8.41,176257.45,113319.95,119699.06,7.78,12,10400.26,64.29,1.06,MODERATE
Rice,Punjab,9.62,3.8,20799.51,191359.77,36.56,760430.09,569070.32,141440.69,7.68,9,16222.81,74.84,0.25,SAFE
Wheat,Haryana,7.13,2.83,20770.32,146471.68,20.18,419145.06,272673.38,182811.28,10.25,9,21189.71,65.05,0.67,SAFE
Wheat,Madhya Pradesh,2.7,3.23,26026.83,57842.87,8.72,226953.96,169111.09,121665.0,10.66,9,14125.85,74.51,0.72,SAFE
Wheat,Uttar Pradesh,8.66,3.3,25649.55,181482.63,28.58,733064.14,551581.51,85589.72,11.28,6,14737.93,75.24,0.16,SAFE
Wheat,Haryana,9.18,1.8,29723.39,210572.41,16.52,491030.4,280457.99,245153.76,9.09,12,21449.29,57.12,0.87,SAFE
Rice,Bihar,9.62,3.76,19994.06,75990.9,36.17,723185.15,647194.25,189603.67,9.05,12,16585.52,89.49,0.29,SAFE
Rice,Madhya Pradesh,5.8,2.92,21851.18,236013.96,16.94,370158.99,134145.03,281109.29,7.43,6,47872.08,36.24,2.1,MODERATE
Rice,Madhya Pradesh,6.35,3.84,24413.44,76923.12,24.38,595199.67,518276.55,31381.56,11.24,6,5403.06,87.08,0.06,SAFE
Wheat,Haryana,7.67,2.64,27856.67,63216.16,20.25,564097.57,500881.41,247740.17,7.82,9,28431.36,88.79,0.49,SAFE
Rice,Uttar Pradesh,5.25,2.52,22352.85,132376.24,13.23,295728.21,163351.97,171937.62,7.21,9,19682.69,55.24,1.05,SAFE
Rice,Bihar,6.91,1.57,28654.11,78748.24,10.85,310897.09,232148.85,294349.05,7.09,6,50077.64,74.67,1.27,SAFE
Wheat,Madhya Pradesh,8.07,2.95,29659.73,112930.96,23.81,706198.17,593267.21,57151.19,7.24,12,4951.43,84.01,0.1,SAFE
Rice,Madhya Pradesh,8.98,3.54,20580.75,177128.67,31.79,654262.04,477133.37,75396.44,11.0,12,6663.66,72.93,0.16,SAFE
Wheat,Uttar Pradesh,7.82,3.46,18885.72,141106.52,27.06,511047.58,369941.06,156495.66,10.85,9,18183.94,72.39,0.42,SAFE
Wheat,Madhya Pradesh,7.66,2.53,27114.97,134928.19,19.38,525488.12,390559.93,298470.72,8.1,6,50926.94,74.32,0.76,SAFE
Rice,Punjab,6.3,3.58,18124.98,76258.15,22.55,408718.3,332460.15,236681.92,7.98,12,20586.4,81.34,0.71,SAFE
Wheat,Madhya Pradesh,7.73,1.72,21497.63,205871.48,13.3,285918.48,80047.0,230556.7,8.38,9,26520.18,28.0,2.88,MODERATE
Wheat,Uttar Pradesh,8.61,3.03,23392.4,55488.44,26.09,610307.72,554819.28,208147.15,8.04,12,18110.24,90.91,0.38,SAFE
Wheat,Punjab,5.08,2.2,25316.0,102380.69,11.18,283032.88,180652.19,74091.31,9.81,9,8572.52,63.83,0.41,SAFE
Wheat,Bihar,3.65,2.19,23974.62,85922.32,7.99,191557.21,105634.89,32110.85,11.6,12,2847.0,55.15,0.3,MODERATE
Rice,Haryana,7.6,3.0,26364.31,128738.06,22.8,601106.27,472368.21,129960.89,10.55,9,15082.27,78.58,0.28,SAFE
Rice,Haryana,3.17,3.88,21041.83,181841.44,12.3,258814.51,76973.07,193947.82,11.37,6,33405.03,29.74,2.52,MODERATE
Wheat,Uttar Pradesh,8.25,2.13,22993.96,112793.61,17.57,404003.88,291210.27,177205.18,11.19,6,30505.57,72.08,0.61,SAFE
Rice,Madhya Pradesh,2.33,1.55,24488.85,146516.38,3.61,88404.75,-58111.63,217020.32,9.48,6,37176.71,-65.73,999.0,RISKY
Wheat,Punjab,7.3,2.3,26854.19,184073.25,16.79,450881.85,266808.6,194298.17,10.91,12,17164.24,59.17,0.73,SAFE
Wheat,Uttar Pradesh,5.39,1.96,25267.19,92454.79,10.56,266821.53,174366.74,96892.02,8.99,12,8472.9,65.35,0.56,SAFE
Rice,Bihar,3.48,3.06,27493.09,173233.38,10.65,292801.41,119568.03,162893.98,10.24,12,14339.16,40.84,1.36,MODERATE
Rice,Bihar,6.65,3.32,29701.72,226432.11,22.08,655813.98,429381.87,266525.89,11.38,12,23603.27,65.47,0.62,SAFE
Wheat,Punjab,8.86,2.5,25013.12,53655.85,22.15,554040.61,500384.76,47307.3,8.45,6,8080.01,90.32,0.09,SAFE
Rice,Madhya Pradesh,5.62,3.07,19550.12,207066.83,17.25,337239.57,130172.74,132338.61,7.38,12,11474.03,38.6,1.02,SAFE
Wheat,Bihar,5.44,2.54,24251.92,69947.61,13.82,335161.53,265213.92,270525.83,7.81,9,31045.04,79.13,1.02,SAFE
Rice,Haryana,8.76,3.13,26129.15,225010.23,27.42,716461.29,491451.06,50852.33,11.99,12,4517.93,68.59,0.1,SAFE
Rice,Uttar Pradesh,5.18,1.64,21670.64,94364.97,8.5,184200.44,89835.47,35559.06,8.4,12,3099.81,48.77,0.4,MODERATE
Wheat,Uttar Pradesh,5.96,3.18,19946.9,195388.58,18.95,377993.76,182605.18,148072.44,7.07,9,16940.95,48.31,0.81,SAFE
Rice,Uttar Pradesh,9.6,2.24,21060.72,212929.79,21.5,452805.48,239875.69,175199.95,7.69,9,20095.72,52.98,0.73,SAFE
Rice,Madhya Pradesh,5.88,2.89,19447.58,244774.84,16.99,330414.38,85639.54,77855.01,8.19,6,13287.55,25.92,0.91,MODERATE
Wheat,Haryana,1.77,1.76,19971.84,106117.42,3.12,62312.14,-43805.28,66935.57,10.53,9,7767.4,-70.3,999.0,RISKY
Wheat,Punjab,3.26,1.53,21084.8,130574.68,4.99,105213.15,-25361.53,282738.33,10.58,9,32816.47,-24.1,999.0,RISKY
Rice,Uttar Pradesh,4.13,1.6,26849.8,71041.73,6.61,177477.18,106435.45,187271.89,11.82,12,16623.12,59.97,1.76,MODERATE
Wheat,Bihar,6.91,2.15,26927.25,113383.71,14.86,400138.93,286755.22,102194.46,7.09,6,17386.36,71.66,0.36,SAFE
Rice,Madhya Pradesh,7.55,3.68,22993.09,241785.37,27.78,638748.04,396962.67,227065.61,8.42,6,38779.08,62.15,0.57,SAFE
Rice,Haryana,8.71,2.11,25944.12,145260.92,18.38,476852.93,331592.01,47917.88,11.3,9,5578.02,69.54,0.14,SAFE
Wheat,Haryana,3.33,3.04,20588.2,162826.86,10.12,208352.58,45525.72,48360.22,10.49,9,5610.94,21.85,1.06,RISKY
Rice,Bihar,1.65,3.88,25960.77,89152.94,6.4,166148.93,76995.99,136514.93,10.55,12,12036.78,46.34,1.77,MODERATE
Wheat,Madhya Pradesh,9.78,2.58,28834.24,181775.0,25.23,727487.88,545712.88,240163.82,7.58,9,27534.74,75.01,0.44,SAFE
Wheat,Uttar Pradesh,2.83,1.9,25969.61,93702.41,5.38,139716.5,46014.09,188629.61,8.45,9,21703.68,32.93,4.1,RISKY
Wheat,Bihar,5.18,2.41,24552.36,65516.79,12.48,306413.45,240896.66,271689.83,7.5,6,46277.32,78.62,1.13,SAFE
Wheat,Bihar,6.94,2.45,18734.07,142045.82,17.0,318479.19,176433.37,145996.62,9.29,12,12787.26,55.4,0.83,SAFE
Rice,Bihar,5.34,3.72,27393.78,231709.77,19.86,544040.47,312330.7,90948.74,7.68,9,10431.54,57.41,0.29,SAFE
Wheat,Bihar,1.43,1.76,22266.87,183142.83,2.52,56112.51,-127030.32,292679.39,11.49,12,25934.43,-226.39,999.0,RISKY
Wheat,Bihar,2.35,1.84,20418.73,103870.73,4.32,88208.91,-15661.82,66273.96,8.44,9,7625.15,-17.76,999.0,RISKY
Rice,Haryana,4.01,3.39,28874.91,138720.92,13.59,392410.03,253689.11,298260.55,10.5,9,34606.78,64.65,1.18,SAFE
Rice,Madhya Pradesh,1.87,3.37,20407.58,204262.91,6.3,128567.75,-75695.16,170966.51,9.51,12,14991.74,-58.88,999.0,RISKY
Rice,Madhya Pradesh,4.3,3.15,20039.4,201449.19,13.54,271333.48,69884.29,95861.09,9.53,12,8406.77,25.76,1.37,MODERATE
Wheat,Madhya Pradesh,3.9,2.79,26752.46,231667.34,10.88,291066.76,59399.42,155839.13,7.44,9,17856.66,20.41,2.62,MODERATE
Rice,Madhya Pradesh,8.58,3.84,20032.13,214903.92,32.95,660058.68,445154.76,193459.0,8.4,9,22254.78,67.44,0.43,SAFE
Wheat,Madhya Pradesh,4.32,3.2,25013.37,168693.65,13.82,345684.77,176991.12,244067.61,11.61,6,42066.44,51.2,1.38,SAFE
Rice,Bihar,8.98,3.31,19898.53,185263.51,29.72,591384.31,406120.8,52162.21,11.52,12,4622.84,68.67,0.13,SAFE
Rice,Bihar,5.78,3.59,26735.59,115611.27,20.75,554763.49,439152.22,100870.64,7.99,6,17205.72,79.16,0.23,SAFE
Wheat,Punjab,3.57,2.12,19843.02,243850.72,7.57,150211.66,-93639.06,288652.99,7.11,12,24990.84,-62.34,999.0,RISKY
Wheat,Madhya Pradesh,9.3,3.35,18978.77,171177.59,31.16,591378.47,420200.88,86233.48,8.44,9,9921.6,71.05,0.21,SAFE
Rice,Punjab,2.84,2.79,19607.72,102673.08,7.92,155293.14,52620.06,88214.87,10.88,6,15172.55,33.88,1.68,MODERATE
Wheat,Bihar,2.42,2.3,28931.17,157412.36,5.57,161146.62,3734.26,45626.0,7.36,9,5226.29,2.32,12.22,RISKY
Wheat,Bihar,6.02,3.1,18055.76,193933.79,18.66,336920.48,142986.69,278764.54,9.65,12,24462.48,42.44,1.95,SAFE
Rice,Haryana,5.49,2.46,23507.22,147104.82,13.51,317582.54,170477.72,212401.53,9.22,9,24516.06,53.68,1.25,SAFE
Rice,Bihar,4.19,3.29,27978.15,242941.59,13.79,385818.69,142877.1,243423.13,8.49,12,21230.19,37.03,1.7,SAFE
Wheat,Uttar Pradesh,6.46,3.71,26593.38,77567.39,23.97,637443.32,559875.93,272093.49,11.84,9,31743.61,87.83,0.49,SAFE
Rice,Haryana,7.95,3.87,26759.49,56140.88,30.77,823389.51,767248.63,186340.67,8.88,9,21478.12,93.18,0.24,SAFE
Wheat,Punjab,3.59,2.08,21888.35,225354.72,7.47,163505.97,-61848.75,57537.47,10.74,6,9892.2,-37.83,999.0,RISKY
Rice,Madhya Pradesh,5.61,1.59,25286.25,237914.63,8.92,225553.35,-12361.28,112895.5,10.87,12,9971.05,-5.48,999.0,RISKY
Rice,Punjab,6.68,2.01,21527.16,226369.77,13.43,289109.76,62739.99,83197.15,9.93,6,14270.55,21.7,1.33,MODERATE
Rice,Haryana,8.11,1.54,29309.32,147624.26,12.49,366073.41,218449.15,239874.24,11.18,12,21220.63,59.67,1.1,SAFE
Rice,Madhya Pradesh,2.16,2.1,28474.95,192397.76,4.54,129276.27,-63121.49,231893.64,8.09,12,20181.71,-48.83,999.0,RISKY
Rice,Madhya Pradesh,9.55,1.73,29246.97,207842.56,16.52,483159.94,275317.38,178117.59,7.2,9,20389.3,56.98,0.65,SAFE
Rice,Haryana,4.03,3.8,23369.68,174082.13,15.31,357789.8,183707.67,57440.35,8.66,6,9816.65,51.35,0.31,SAFE
Wheat,Bihar,1.68,2.28,18790.87,138849.33,3.83,71969.03,-66880.3,147093.05,10.69,6,25285.53,-92.93,999.0,RISKY
Wheat,Punjab,4.7,1.64,19108.0,134261.53,7.71,147322.68,13061.15,124188.25,10.7,9,14421.17,8.87,9.51,RISKY
Rice,Madhya Pradesh,9.36,1.54,26551.3,52953.56,14.41,382604.23,329650.67,62289.88,7.03,12,5390.6,86.16,0.19,SAFE
Wheat,Uttar Pradesh,7.76,3.53,22268.91,157012.11,27.39,609945.44,452933.33,50261.94,7.83,9,5768.44,74.26,0.11,SAFE
Wheat,Bihar,4.92,2.6,26556.6,201553.76,12.79,339658.91,138105.15,239245.12,11.67,9,27892.06,40.66,1.73,SAFE
Wheat,Haryana,3.56,3.26,22342.82,134581.73,11.61,259400.14,124818.41,252337.79,7.64,12,21908.49,48.12,2.02,MODERATE
Rice,Punjab,7.92,3.26,27296.0,106720.75,25.82,704782.72,598061.97,260264.99,8.14,12,22656.89,84.86,0.44,SAFE
Rice,Punjab,9.57,2.37,21274.26,159470.6,22.68,482500.22,323029.62,171993.32,8.92,6,29415.94,66.95,0.53,SAFE
Rice,Madhya Pradesh,3.55,1.74,25762.92,114576.56,6.18,159214.85,44638.29,154231.04,9.93,12,13554.34,28.04,3.46,RISKY
Wheat,Punjab,6.05,1.7,27006.57,204123.31,10.29,277897.61,73774.3,291537.47,10.59,12,25710.84,26.55,3.95,MODERATE
Wheat,Punjab,7.2,3.9,25695.7,87381.76,28.08,721535.26,634153.5,278978.45,9.0,12,24397.08,87.89,0.44,SAFE
Rice,Bihar,4.48,3.04,25170.22,158249.07,13.62,342818.4,184569.33,174022.79,7.29,9,19927.94,53.84,0.94,SAFE
Wheat,Punjab,6.47,1.68,28251.97,87128.63,10.87,307098.91,219970.28,267471.31,8.81,6,45731.02,71.63,1.22,SAFE
Wheat,Madhya Pradesh,5.81,1.68,24903.18,233250.76,9.76,243055.04,9804.28,73199.49,7.01,6,12450.56,4.03,7.47,RISKY
Wheat,Bihar,1.98,1.67,22912.03,63031.15,3.31,75838.82,12807.67,159137.7,11.26,12,14084.16,16.89,12.43,RISKY
Rice,Punjab,3.74,2.78,27368.02,221009.72,10.4,284627.41,63617.69,223581.28,7.42,6,38074.13,22.35,3.51,MODERATE
Wheat,Madhya Pradesh,1.14,3.33,23248.2,139374.26,3.8,88343.16,-51031.1,159620.35,7.28,9,18277.91,-57.76,999.0,RISKY
Rice,Haryana,2.93,2.08,23152.52,173485.86,6.09,140998.85,-32487.01,188250.15,9.7,6,32268.63,-23.04,999.0,RISKY
Rice,Haryana,4.32,2.87,18317.25,157679.77,12.4,227133.9,69454.13,207097.03,9.33,9,23914.56,30.58,2.98,MODERATE
Wheat,Madhya Pradesh,3.71,2.5,19320.72,80125.14,9.28,179296.28,99171.14,109245.83,10.83,6,18787.08,55.31,1.1,MODERATE
Wheat,Bihar,7.48,3.39,23577.69,69606.66,25.36,597930.22,528323.56,128258.89,7.14,12,11106.1,88.36,0.24,SAFE
Wheat,Punjab,2.08,3.85,19051.08,239628.89,8.01,152599.15,-87029.74,298845.42,11.19,9,34772.39,-57.03,999.0,RISKY
Rice,Bihar,1.3,2.23,18637.43,119277.1,2.9,54048.55,-65228.55,288828.53,7.07,9,33044.84,-120.69,999.0,RISKY
Rice,Punjab,8.97,2.97,25075.97,166278.64,26.64,668023.84,501745.2,81766.56,10.11,6,14032.42,75.11,0.16,SAFE
Rice,Madhya Pradesh,3.8,2.66,20938.29,204085.82,10.11,211686.11,7600.29,222468.81,11.33,12,19696.42,3.59,29.27,RISKY
Rice,Punjab,8.14,3.28,21110.65,242862.06,26.7,563654.35,320792.29,91870.6,9.22,9,10604.0,56.91,0.29,SAFE
Wheat,Uttar Pradesh,6.09,2.63,21920.85,59169.31,16.02,351172.02,292002.71,40763.19,7.93,12,3544.61,83.15,0.14,SAFE
Wheat,Bihar,3.52,1.66,23262.69,246282.14,5.84,135854.11,-110428.03,84011.83,11.53,12,7445.89,-81.28,999.0,RISKY
Wheat,Uttar Pradesh,7.45,3.28,26556.34,219450.31,24.44,649036.95,429586.64,209911.98,7.66,9,24074.28,66.19,0.49,SAFE
Rice,Uttar Pradesh,6.93,3.91,24150.77,203974.25,27.1,654485.87,450511.62,37392.17,10.58,6,6425.75,68.83,0.08,SAFE
Wheat,Madhya Pradesh,3.73,3.52,29459.38,65133.96,13.13,386801.66,321667.7,239783.8,7.97,9,27535.21,83.16,0.75,SAFE
Rice,Uttar Pradesh,3.07,1.96,20544.82,247020.91,6.02,123679.82,-123341.09,228322.92,11.99,6,39395.62,-99.73,999.0,RISKY
Rice,Madhya Pradesh,9.39,3.36,20277.12,236610.44,31.55,639743.14,403132.7,295496.22,8.42,9,33995.54,63.01,0.73,SAFE
Wheat,Punjab,1.52,2.65,27639.52,65096.96,4.03,111387.27,46290.31,223314.23,9.68,12,19599.65,41.56,4.82,RISKY
Wheat,Haryana,1.04,3.49,27630.42,145444.05,3.63,100298.42,-45145.63,247794.53,8.2,9,28481.97,-45.01,999.0,RISKY
Wheat,Punjab,5.42,2.86,24103.47,57817.54,15.5,373603.79,315786.25,184707.03,8.87,9,21288.95,84.52,0.58,SAFE
Rice,Haryana,3.61,3.45,18068.76,237363.19,12.45,224956.06,-12407.13,103695.61,9.53,6,17766.15,-5.52,999.0,RISKY
Wheat,Madhya Pradesh,6.42,2.01,28801.33,134720.18,12.9,371537.16,236816.98,137990.88,11.14,12,12204.88,63.74,0.58,SAFE
Rice,Haryana,8.89,3.11,19068.93,153992.59,27.65,527255.91,373263.32,247291.58,7.61,9,28355.43,70.79,0.66,SAFE
Wheat,Uttar Pradesh,7.55,2.89,23470.46,102013.42,21.82,512125.44,410112.02,97791.77,7.61,9,11213.19,80.08,0.24,SAFE
Wheat,Haryana,5.54,3.29,18025.55,230518.99,18.23,328605.78,98086.79,211536.05,8.31,12,18431.52,29.85,2.16,MODERATE
Wheat,Madhya Pradesh,6.36,2.08,26715.79,76336.1,13.23,353449.9,277113.8,118404.21,11.41,9,13789.37,78.4,0.43,SAFE
Wheat,Haryana,9.36,3.12,24027.02,129737.39,29.2,701588.98,571851.59,160189.76,11.63,6,27611.2,81.51,0.28,SAFE
Rice,Haryana,8.35,1.55,25381.47,246798.14,12.94,328436.22,81638.08,166800.6,10.35,6,28645.32,24.86,2.04,MODERATE
Rice,Madhya Pradesh,1.41,3.59,29270.07,100723.31,5.06,148106.55,47383.24,189635.98,7.59,6,32309.35,31.99,4.0,RISKY
Rice,Uttar Pradesh,3.22,2.69,23246.2,210228.53,8.66,201312.09,-8916.44,195518.83,7.92,6,33343.35,-4.43,999.0,RISKY
Rice,Uttar Pradesh,2.49,2.95,19978.88,143514.8,7.35,146844.77,3329.97,98026.85,7.34,9,11227.69,2.27,29.44,RISKY
Wheat,Punjab,2.48,3.67,22601.87,99182.78,9.1,205677.02,106494.24,189188.11,9.48,9,21859.94,51.78,1.78,MODERATE
Rice,Uttar Pradesh,4.32,2.57,18653.67,228471.58,11.1,207055.74,-21415.84,139346.84,11.73,12,12363.2,-10.34,999.0,RISKY
Wheat,Bihar,3.28,2.1,23869.18,212882.89,6.89,164458.65,-48424.24,122837.88,11.17,12,10866.36,-29.44,999.0,RISKY
Rice,Bihar,1.12,3.34,26054.87,223241.76,3.74,97445.21,-125796.55,198279.72,9.12,6,33931.21,-129.09,999.0,RISKY
Wheat,Bihar,7.24,2.88,18787.4,68585.1,20.85,391717.29,323132.19,112008.89,8.68,9,12899.87,82.49,0.35,SAFE
Rice,Bihar,8.87,2.66,24175.91,121431.85,23.59,570309.72,448877.87,55852.82,10.4,12,4920.75,78.71,0.12,SAFE
Wheat,Haryana,4.26,2.16,27808.13,209875.26,9.2,255834.8,45959.54,232634.44,9.54,9,26886.59,17.96,5.06,RISKY
Rice,Madhya Pradesh,9.9,3.64,21323.83,174502.7,36.04,768510.83,594008.13,61482.7,7.86,9,7057.09,77.29,0.1,SAFE
Rice,Uttar Pradesh,9.91,1.54,21375.67,127012.69,15.26,326192.72,199180.03,79150.46,8.17,6,13507.87,61.06,0.4,SAFE
Wheat,Madhya Pradesh,3.51,2.49,21547.24,136005.37,8.74,188322.88,52317.51,129542.19,9.91,6,22218.69,27.78,2.48,MODERATE
Rice,Bihar,4.86,2.65,24497.18,216624.67,12.88,315523.68,98899.01,63396.09,11.1,6,10910.71,31.34,0.64,MODERATE
Rice,Haryana,4.6,2.1,21241.65,231667.14,9.66,205194.34,-26472.8,36741.09,8.38,6,6274.05,-12.9,999.0,RISKY
Rice,Haryana,3.8,2.27,18960.45,148383.96,8.63,163628.68,15244.72,31907.76,11.57,12,2828.55,9.32,2.09,RISKY
Wheat,Haryana,3.91,3.22,20375.78,112267.82,12.59,256531.07,144263.25,171187.03,11.09,9,19910.48,56.24,1.19,SAFE
Rice,Madhya Pradesh,4.64,2.24,29947.61,220260.67,10.39,311155.67,90895.0,52051.29,8.96,12,4551.0,29.21,0.57,MODERATE
Wheat,Punjab,2.15,2.09,25393.05,154831.0,4.49,114014.79,-40816.21,80666.45,8.52,12,7036.46,-35.8,999.0,RISKY
Rice,Haryana,5.4,3.2,23600.04,57163.93,17.28,407808.69,350644.76,37295.72,7.18,12,3230.17,85.98,0.11,SAFE
Wheat,Punjab,6.04,1.56,24599.37,200607.46,9.42,231726.07,31118.61,88079.51,8.83,6,15060.3,13.43,2.83,RISKY
Wheat,Bihar,3.08,2.1,27421.37,60787.26,6.47,177416.26,116629.0,153995.66,8.64,6,26316.59,65.74,1.32,MODERATE
Wheat,Haryana,7.54,2.44,19960.9,55118.06,18.4,367280.56,312162.5,95119.61,10.78,12,8397.07,84.99,0.3,SAFE
Wheat,Madhya Pradesh,8.51,2.08,19741.93,244558.93,17.7,349432.16,104873.23,114842.65,7.45,6,19558.49,30.01,1.1,MODERATE
Wheat,Haryana,5.74,3.6,28425.79,244688.14,20.66,587276.82,342588.68,143805.71,10.61,6,24714.76,58.34,0.42,SAFE
Wheat,Bihar,8.06,3.24,22857.24,185205.75,26.11,596802.54,411596.79,32154.6,10.92,12,2840.68,68.97,0.08,SAFE
Wheat,Punjab,8.12,3.79,23804.83,63562.95,30.77,732474.62,668911.67,77850.2,10.27,6,13366.45,91.32,0.12,SAFE
Wheat,Madhya Pradesh,3.01,2.09,25321.2,109406.7,6.29,159270.35,49863.65,191849.29,9.23,12,16797.97,31.31,3.85,RISKY
Wheat,Haryana,4.95,3.48,27659.65,170392.34,17.23,476575.77,306183.43,261729.41,9.43,6,44829.17,64.25,0.85,SAFE
Rice,Punjab,8.51,2.81,20151.22,239711.87,23.91,481815.67,242103.8,214666.04,9.81,6,36808.31,50.25,0.89,SAFE
Rice,Uttar Pradesh,5.69,2.82,19342.76,127614.49,16.05,310451.3,182836.81,142730.94,11.81,6,24614.59,58.89,0.78,SAFE
Wheat,Madhya Pradesh,4.18,2.39,24185.55,73633.18,9.99,241613.64,167980.46,52356.4,7.03,6,8905.86,69.52,0.31,SAFE
Rice,Punjab,3.19,3.91,20285.92,177319.76,12.47,252965.42,75645.66,243890.44,10.45,9,28292.51,29.9,3.22,MODERATE
Rice,Madhya Pradesh,8.74,2.76,20895.09,73918.69,24.12,503989.57,430070.88,111482.74,11.08,12,9857.19,85.33,0.26,SAFE
Wheat,Madhya Pradesh,3.01,1.53,24019.92,229053.94,4.61,110731.83,-118322.11,183407.25,10.01,12,16125.26,-106.85,999.0,RISKY
Wheat,Bihar,6.79,2.53,29450.77,90521.94,17.18,505964.23,415442.29,171802.85,8.06,6,29310.7,82.11,0.41,SAFE
Rice,Madhya Pradesh,1.53,3.64,19073.22,188139.51,5.57,106237.84,-81901.67,266170.84,7.37,6,45320.27,-77.09,999.0,RISKY
Wheat,Bihar,5.81,3.23,19770.95,201259.72,18.77,371100.73,169841.01,145608.32,8.42,9,16751.6,45.77,0.86,SAFE
Wheat,Haryana,5.92,2.09,24960.23,62842.28,12.37,308758.05,245915.77,142408.97,7.69,9,16334.54,79.65,0.58,SAFE
Wheat,Bihar,1.25,2.04,19784.73,161885.87,2.55,50451.06,-111434.81,240837.56,10.64,9,27960.04,-220.88,999.0,RISKY
Wheat,Punjab,3.35,3.35,24478.1,166183.84,11.22,274644.28,108460.44,273749.16,7.39,9,31360.82,39.49,2.52,MODERATE
Wheat,Haryana,3.95,1.77,22889.88,124937.24,6.99,160000.26,35063.02,36104.4,11.15,6,6214.6,21.91,1.03,RISKY
Rice,Bihar,5.38,1.78,19462.54,178963.14,9.58,186451.13,7487.99,108959.49,8.85,9,12557.41,4.02,14.55,RISKY
Wheat,Uttar Pradesh,2.13,1.71,23241.52,60860.9,3.64,84599.13,23738.23,275635.28,11.75,6,47526.37,28.06,11.61,RISKY
Wheat,Punjab,3.52,2.62,19150.33,239021.5,9.22,176566.04,-62455.46,188139.71,9.79,6,32258.04,-35.37,999.0,RISKY
Rice,Punjab,7.85,3.58,27199.75,152118.34,28.1,764312.98,612194.64,92848.82,7.48,6,15814.16,80.1,0.15,SAFE
Rice,Madhya Pradesh,1.1,1.98,26542.81,143910.81,2.18,57863.33,-86047.48,50959.83,10.94,12,4502.49,-148.71,999.0,RISKY
Rice,Bihar,1.17,2.78,28612.44,238638.06,3.25,92990.43,-145647.63,62558.52,7.83,9,7179.69,-156.63,999.0,RISKY
Rice,Haryana,7.45,3.47,19449.91,186709.23,25.85,502780.17,316070.94,65833.34,9.44,9,7605.54,62.86,0.21,SAFE
Wheat,Uttar Pradesh,8.08,3.86,23079.03,70260.16,31.19,719834.95,649574.79,138822.22,11.26,12,12286.18,90.24,0.21,SAFE
Wheat,Bihar,4.29,3.82,19023.99,242079.46,16.39,311803.2,69723.74,68355.39,9.34,12,5988.56,22.36,0.98,MODERATE
Wheat,Uttar Pradesh,9.93,3.8,25327.72,56130.31,37.73,955614.88,899484.57,233062.11,11.09,12,20608.2,94.13,0.26,SAFE
Wheat,Bihar,1.85,1.51,26736.83,209902.39,2.79,74595.76,-135306.63,137854.94,10.62,9,16002.96,-181.39,999.0,RISKY
Rice,Madhya Pradesh,2.95,2.76,19328.46,161358.67,8.14,157333.66,-4025.01,134646.01,10.85,6,23156.49,-2.56,999.0,RISKY
Wheat,Uttar Pradesh,8.24,2.39,29161.26,114739.39,19.69,574185.21,459445.82,291163.15,10.08,6,49963.84,80.02,0.63,SAFE
Wheat,Bihar,2.6,2.24,25040.24,177414.23,5.82,145734.2,-31680.03,138335.58,10.29,12,12180.56,-21.74,999.0,RISKY
Rice,Uttar Pradesh,5.56,2.54,29365.97,85801.54,14.12,414647.5,328845.96,94570.97,9.51,9,10928.64,79.31,0.29,SAFE
Rice,Haryana,1.25,3.41,20409.48,175521.42,4.26,86944.38,-88577.04,225054.25,9.89,12,19774.33,-101.88,999.0,RISKY
Wheat,Madhya Pradesh,6.58,1.98,22607.93,243429.55,13.03,294581.33,51151.78,118288.6,9.78,9,13684.56,17.36,2.31,MODERATE
Wheat,Bihar,1.27,2.86,24024.57,219149.4,3.63,87209.19,-131940.21,198717.76,11.93,9,23191.77,-151.29,999.0,RISKY
Wheat,Punjab,8.4,2.97,21038.96,162684.01,24.95,524922.05,362238.04,56719.84,11.53,12,5027.03,69.01,0.16,SAFE
Rice,Madhya Pradesh,9.11,1.58,20382.98,105688.31,14.39,293311.08,187622.77,239453.49,7.1,6,40739.42,63.97,1.28,SAFE
Wheat,Madhya Pradesh,8.77,1.95,23145.72,146287.33,17.1,395791.81,249504.48,121415.23,8.51,12,10590.37,63.04,0.49,SAFE
Rice,Bihar,5.61,2.69,19052.79,154063.98,15.09,287506.6,133442.62,85688.91,9.82,9,9914.79,46.41,0.64,SAFE
Wheat,Uttar Pradesh,3.08,3.41,19729.21,184937.64,10.5,207156.7,22219.06,202085.07,8.37,6,34507.84,10.73,9.1,RISKY
Wheat,Haryana,5.04,1.89,19915.32,71041.66,9.53,189793.0,118751.34,64228.16,11.62,9,7486.43,62.57,0.54,MODERATE
Rice,Bihar,4.96,3.66,29070.41,96535.66,18.15,527627.94,431092.28,192715.82,10.78,12,17012.77,81.7,0.45,SAFE
Wheat,Uttar Pradesh,5.54,3.73,22806.92,151328.35,20.66,471190.97,319862.62,243263.2,8.64,12,21233.14,67.88,0.76,SAFE
Rice,Bihar,6.46,1.86,28448.3,200249.52,12.02,341948.57,141699.05,246833.19,7.91,9,28337.74,41.44,1.74,SAFE
Wheat,Bihar,7.99,2.11,20082.82,195282.71,16.86,338596.35,143313.64,237090.12,8.74,9,27311.97,42.33,1.65,SAFE
Wheat,Haryana,8.28,2.26,24288.94,186372.39,18.71,454446.07,268073.68,255329.1,9.15,9,29462.46,58.99,0.95,SAFE
Rice,Bihar,6.73,3.8,22090.43,212803.14,25.57,564852.3,352049.16,113273.69,7.13,12,9807.99,62.33,0.32,SAFE
Rice,Bihar,6.18,2.67,28614.24,67877.12,16.5,472134.96,404257.84,144356.31,11.93,12,12821.16,85.62,0.36,SAFE
Wheat,Uttar Pradesh,5.1,3.54,18055.58,152821.31,18.05,325903.22,173081.91,270143.48,7.59,6,46025.87,53.11,1.56,SAFE
Rice,Haryana,5.89,3.89,27777.51,205453.24,22.91,636382.75,430929.51,226297.81,7.3,9,25915.19,67.72,0.53,SAFE
Wheat,Uttar Pradesh,5.57,1.61,27361.9,210051.45,8.97,245436.24,35384.79,33785.6,8.57,9,3889.27,14.42,0.95,RISKY
Wheat,Haryana,5.57,2.41,24821.13,207192.35,13.42,333099.56,125907.21,120434.3,9.79,12,10576.33,37.8,0.96,SAFE
Wheat,Punjab,9.11,2.03,21498.32,59774.54,18.49,397503.94,337729.4,154341.41,11.99,6,26630.6,84.96,0.46,SAFE
Wheat,Punjab,9.82,2.88,25878.68,126508.47,28.28,731849.07,605340.6,209230.16,8.54,6,35745.42,82.71,0.35,SAFE
Rice,Bihar,3.91,2.02,20287.46,241540.54,7.9,160270.93,-81269.61,282526.7,11.0,6,48610.0,-50.71,999.0,RISKY
Wheat,Bihar,1.45,1.89,23781.2,219650.19,2.74,65160.49,-154489.7,65217.13,11.63,9,7602.01,-237.09,999.0,RISKY
Rice,Punjab,3.14,2.42,20409.3,171126.65,7.6,155110.68,-16015.97,53995.6,10.67,6,9281.4,-10.33,999.0,RISKY
Rice,Uttar Pradesh,6.43,1.93,22458.13,221240.5,12.41,278705.39,57464.89,260867.44,9.17,6,44648.14,20.62,4.54,RISKY
Wheat,Haryana,3.0,2.96,29734.77,183294.01,8.88,264044.76,80750.75,155992.16,9.19,9,18002.9,30.58,1.93,MODERATE
Wheat,Bihar,2.75,2.53,26057.59,74037.08,6.96,181360.83,107323.75,87890.96,7.48,6,14969.73,59.18,0.82,MODERATE
Wheat,Punjab,4.7,2.0,19692.32,233269.03,9.4,185107.81,-48161.22,233602.38,9.67,6,40039.17,-26.02,999.0,RISKY
Wheat,Uttar Pradesh,9.85,2.43,19231.45,248930.06,23.94,460400.91,211470.85,152737.5,11.51,9,17795.08,45.93,0.72,SAFE
Wheat,Bihar,7.29,3.66,23794.77,229689.51,26.68,634844.46,405154.95,70365.48,7.53,12,6105.7,63.82,0.17,SAFE
Rice,Punjab,4.56,2.21,20115.66,219905.43,10.08,202765.85,-17139.58,147407.72,9.65,9,17044.23,-8.45,999.0,RISKY
Rice,Uttar Pradesh,3.41,1.78,19742.7,76206.24,6.07,119838.19,43631.95,274723.11,7.69,12,23858.37,36.41,6.3,RISKY
Rice,Madhya Pradesh,7.92,2.35,18042.24,242636.95,18.61,335766.09,93129.14,197947.58,8.72,9,22801.01,27.74,2.13,MODERATE
Rice,Uttar Pradesh,2.81,3.69,18500.92,81588.13,10.37,191854.54,110266.41,217477.52,8.82,6,37184.38,57.47,1.97,MODERATE
Wheat,Haryana,9.2,2.59,18455.21,231089.99,23.83,439787.65,208697.66,299957.69,10.4,9,34789.49,47.45,1.44,SAFE
Rice,Punjab,4.14,3.04,24767.77,150785.01,12.59,311826.22,161041.21,194682.41,10.67,6,33464.3,51.64,1.21,SAFE
Wheat,Uttar Pradesh,6.15,2.13,24448.9,203812.81,13.1,320280.59,116467.78,73892.7,11.31,9,8602.05,36.36,0.63,MODERATE
Rice,Haryana,2.01,3.65,29314.07,81368.07,7.34,215165.27,133797.2,167878.3,11.15,12,14849.11,62.18,1.25,SAFE
Rice,Uttar Pradesh,3.31,2.79,28825.36,186117.71,9.23,266058.07,79940.36,133165.49,11.4,6,22938.02,30.05,1.67,MODERATE
Rice,Haryana,3.83,2.27,29994.37,215912.76,8.69,260651.08,44738.32,119168.65,10.88,6,20496.45,17.16,2.66,RISKY
Rice,Bihar,5.63,1.53,25095.94,97203.25,8.61,216076.04,118872.79,119815.84,9.24,9,13830.66,55.01,1.01,MODERATE
Wheat,Punjab,7.85,1.94,23546.98,189550.64,15.23,358620.51,169069.87,124944.15,7.31,9,14308.95,47.14,0.74,SAFE
Rice,Uttar Pradesh,2.03,1.59,24029.15,198922.24,3.23,77614.15,-121308.09,244438.39,7.09,6,41586.33,-156.3,999.0,RISKY
Wheat,Uttar Pradesh,6.17,3.56,26191.82,101567.87,21.97,575434.29,473866.42,62062.88,9.97,9,7185.5,82.35,0.13,SAFE
Wheat,Haryana,9.85,2.21,20397.94,95694.94,21.77,444063.15,348368.21,169879.74,11.55,12,15057.87,78.45,0.49,SAFE
Wheat,Haryana,7.58,2.12,27588.34,85306.73,16.07,443344.62,358037.89,32482.51,11.23,9,3780.14,80.76,0.09,SAFE
Rice,Uttar Pradesh,4.85,2.31,20328.99,201071.56,11.2,227684.69,26613.13,159487.66,10.31,6,27386.3,11.69,5.99,RISKY
Rice,Punjab,9.0,3.66,29861.09,144468.58,32.94,983624.3,839155.72,211479.02,9.11,9,24398.59,85.31,0.25,SAFE
Wheat,Haryana,4.13,3.33,21029.61,162978.64,13.75,289157.14,126178.5,86526.28,7.82,9,9930.0,43.64,0.69,SAFE
Wheat,Punjab,8.15,2.24,29915.7,243417.0,18.26,546260.68,302843.68,96285.96,11.71,9,11227.19,55.44,0.32,SAFE
Rice,Uttar Pradesh,1.94,3.17,23528.31,117885.35,6.15,144699.11,26813.76,273914.58,10.42,6,47049.88,18.53,10.22,RISKY
Rice,Madhya Pradesh,2.17,2.41,28895.05,88337.82,5.23,151121.11,62783.29,262459.43,8.33,12,22871.0,41.55,4.18,RISKY
Wheat,Bihar,9.66,3.04,23773.68,163245.64,29.37,698232.98,534987.34,229766.67,11.79,9,26800.12,76.62,0.43,SAFE
Wheat,Punjab,1.95,2.76,26983.27,192257.67,5.38,145169.99,-47087.68,270525.2,10.45,12,23840.12,-32.44,999.0,RISKY
Rice,Madhya Pradesh,7.2,2.41,29962.48,223017.09,17.35,519849.03,296831.94,53314.99,9.21,9,6153.53,57.1,0.18,SAFE
Rice,Madhya Pradesh,5.7,3.07,25213.8,51272.24,17.5,441241.5,389969.26,247381.55,11.89,12,21966.82,88.38,0.63,SAFE
Rice,Haryana,6.56,2.5,22405.89,57685.28,16.4,367456.6,309771.32,255672.16,10.84,12,22577.65,84.3,0.83,SAFE
Wheat,Haryana,3.84,1.68,23733.12,155002.52,6.45,153078.62,-1923.9,83823.47,8.91,6,14335.88,-1.26,999.0,RISKY
Rice,Punjab,8.69,1.97,19751.59,64373.38,17.12,338147.22,273773.84,178097.25,8.38,12,15523.71,80.96,0.65,SAFE
Wheat,Haryana,1.41,3.95,24248.39,169036.03,5.57,135063.53,-33972.5,184933.3,9.56,12,16220.75,-25.15,999.0,RISKY
Rice,Uttar Pradesh,6.91,3.97,18402.47,85805.44,27.43,504779.75,418974.31,68554.51,10.11,9,7941.63,83.0,0.16,SAFE
Wheat,Bihar,2.47,2.01,28361.61,159941.18,4.96,140673.59,-19267.59,90876.63,10.04,9,10524.5,-13.7,999.0,RISKY
Wheat,Haryana,5.86,3.51,27206.69,153769.13,20.57,559641.61,405872.48,237026.83,8.21,6,40455.81,72.52,0.58,SAFE
Rice,Madhya Pradesh,3.47,3.3,26444.45,141343.21,11.45,302788.95,161445.74,105084.15,10.45,9,12190.29,53.32,0.65,SAFE
Wheat,Uttar Pradesh,1.4,1.58,27054.93,160350.94,2.21,59791.4,-100559.54,295758.19,10.71,9,34345.86,-168.18,999.0,RISKY
Rice,Uttar Pradesh,7.28,3.46,28623.87,103087.56,25.19,721035.29,617947.73,102582.26,9.74,12,9006.21,85.7,0.17,SAFE
Wheat,Madhya Pradesh,1.91,2.82,29485.21,114264.91,5.39,158925.28,44660.37,143417.08,7.28,12,12427.93,28.1,3.21,RISKY
Wheat,Madhya Pradesh,9.05,1.79,21686.94,50034.46,16.2,351328.43,301293.97,159390.21,11.81,9,18592.88,85.76,0.53,SAFE
Rice,Madhya Pradesh,1.39,2.58,21214.58,52450.32,3.59,76160.34,23710.02,255216.56,9.79,12,22412.67,31.13,10.76,RISKY
Wheat,Punjab,3.46,2.99,24095.71,235655.43,10.35,249390.6,13735.17,143269.61,8.76,6,24492.06,5.51,10.43,RISKY
Wheat,Punjab,7.25,2.81,19498.32,130013.87,20.37,397180.78,267166.91,64396.62,10.7,6,11070.2,67.27,0.24,SAFE
Wheat,Punjab,9.29,3.1,28328.42,222778.16,28.8,815858.5,593080.34,186018.58,9.05,12,16271.91,72.69,0.31,SAFE
Rice,Uttar Pradesh,8.36,3.63,22359.73,237721.79,30.35,678617.81,440896.02,32642.8,8.18,9,3751.72,64.97,0.07,SAFE
Rice,Haryana,8.87,2.32,25786.2,150781.28,20.58,530680.0,379898.72,34277.4,8.33,9,3942.01,71.59,0.09,SAFE
Rice,Punjab,8.43,1.98,26690.3,72822.01,16.69,445461.11,372639.1,286463.06,7.29,6,48764.12,83.65,0.77,SAFE
Rice,Madhya Pradesh,6.87,2.29,21398.83,225485.33,15.73,336603.6,111118.27,163998.66,11.03,9,19069.74,33.01,1.48,MODERATE
Rice,Punjab,2.25,3.75,28864.96,122907.06,8.44,243620.26,120713.2,157454.95,11.68,6,27143.7,49.55,1.3,SAFE
Rice,Haryana,2.5,1.75,20780.56,121199.45,4.38,91018.85,-30180.6,215113.31,10.28,6,36934.83,-33.16,999.0,RISKY
Rice,Uttar Pradesh,9.68,1.84,24598.66,82816.86,17.81,438102.13,355285.27,200279.8,9.42,6,34303.06,81.1,0.56,SAFE
Wheat,Uttar Pradesh,3.83,1.94,22427.88,239783.72,7.43,166639.15,-73144.57,67558.37,11.91,9,7883.9,-43.89,999.0,RISKY
Wheat,Bihar,4.91,1.95,27388.91,105496.12,9.57,262111.87,156615.75,181189.35,10.42,9,21016.3,59.75,1.16,SAFE
Rice,Uttar Pradesh,4.4,2.18,27788.36,120612.57,9.59,266490.37,145877.8,252091.74,8.86,6,43107.69,54.74,1.73,SAFE
Rice,Uttar Pradesh,2.92,3.82,27191.7,165549.6,11.15,303187.46,137637.86,52837.43,10.9,6,9088.31,45.4,0.38,SAFE
Rice,Haryana,8.19,2.04,18240.84,107445.41,16.71,304804.44,197359.03,292942.38,9.25,6,50149.38,64.75,1.48,SAFE
Rice,Haryana,5.59,2.56,27869.48,76145.59,14.31,398812.26,322666.67,291469.15,8.77,6,49828.32,80.91,0.9,SAFE
Wheat,Uttar Pradesh,1.2,3.74,29843.86,230529.05,4.49,133998.93,-96530.12,244388.69,7.02,12,21148.41,-72.04,999.0,RISKY
Rice,Madhya Pradesh,6.12,2.96,21633.67,212421.36,18.12,392002.1,179580.74,55378.72,9.26,6,9480.66,45.81,0.31,SAFE
Rice,Madhya Pradesh,3.26,2.5,23947.5,72459.31,8.15,195172.12,122712.81,50210.43,10.21,12,4419.2,62.87,0.41,SAFE
Wheat,Bihar,6.45,1.87,24193.95,51298.57,12.06,291779.04,240480.47,282914.35,7.37,12,24527.94,82.42,1.18,SAFE
Rice,Punjab,6.81,3.09,26723.77,193995.21,21.04,562268.12,368272.91,193693.55,11.34,9,22551.15,65.5,0.53,SAFE
Wheat,Punjab,4.33,3.9,22828.69,140857.83,16.89,385576.57,244718.74,179706.27,8.74,9,20701.54,63.47,0.73,SAFE
Wheat,Uttar Pradesh,6.7,3.64,24850.41,180131.84,24.39,606101.5,425969.66,194984.45,10.89,9,22659.83,70.28,0.46,SAFE
Rice,Punjab,7.87,3.64,19570.86,130143.38,28.65,560705.14,430561.76,193319.9,8.66,12,16875.65,76.79,0.45,SAFE
Wheat,Uttar Pradesh,5.23,3.5,20664.96,167372.11,18.3,378168.77,210796.66,225528.38,9.07,12,19730.11,55.74,1.07,SAFE
Wheat,Uttar Pradesh,7.18,2.93,26927.23,147537.61,21.04,566548.92,419011.31,145060.75,8.45,6,24776.13,73.96,0.35,SAFE
Wheat,Madhya Pradesh,9.32,2.54,29294.43,222620.75,23.67,693399.16,470778.41,160267.2,8.09,6,27345.0,67.89,0.34,SAFE
Wheat,Punjab,4.92,3.06,19819.49,112357.31,15.06,298481.52,186124.21,249233.81,8.42,12,21728.89,62.36,1.34,SAFE
Rice,Haryana,9.89,3.79,18948.5,248584.38,37.48,710189.78,461605.4,125489.1,8.69,12,10956.18,65.0,0.27,SAFE
Rice,Uttar Pradesh,6.7,2.8,29844.25,96558.1,18.76,559878.13,463320.03,166274.43,7.82,12,14450.12,82.75,0.36,SAFE
Wheat,Bihar,1.65,2.77,22716.64,188797.27,4.57,103815.04,-84982.23,191698.81,8.99,9,22105.66,-81.86,999.0,RISKY
Rice,Uttar Pradesh,9.5,3.11,18078.07,175166.55,29.54,534026.19,358859.64,217049.29,8.46,12,18926.97,67.2,0.6,SAFE
Wheat,Madhya Pradesh,5.85,1.93,19523.95,190507.07,11.29,220425.4,29918.33,140017.79,8.63,6,23927.2,13.57,4.68,RISKY
Rice,Bihar,2.47,3.24,21357.94,101071.99,8.0,170863.52,69791.53,278781.49,9.15,12,24399.25,40.85,3.99,MODERATE
Rice,Madhya Pradesh,3.02,2.97,24553.11,162332.45,8.97,220241.4,57908.95,88781.2,8.29,9,10208.44,26.29,1.53,MODERATE
Rice,Madhya Pradesh,6.7,1.82,18520.22,222653.28,12.19,225761.48,3108.2,81859.79,11.6,9,9540.79,1.38,26.34,RISKY
Rice,Madhya Pradesh,6.77,2.13,24075.71,240073.12,14.42,347171.74,107098.62,103772.42,8.63,6,17733.34,30.85,0.97,MODERATE
Rice,Bihar,6.46,2.44,21728.65,245151.57,15.76,342443.52,97291.95,70042.24,11.44,6,12066.3,28.41,0.72,MODERATE
Rice,Bihar,5.77,2.0,28672.21,173526.15,11.54,330877.3,157351.15,58197.79,9.65,12,5107.04,47.56,0.37,SAFE
Rice,Bihar,7.41,2.96,20284.94,53239.49,21.93,444848.73,391609.24,85030.4,11.35,9,9900.23,88.03,0.22,SAFE
Rice,Punjab,5.25,3.46,21671.59,195812.74,18.16,393556.07,197743.33,121732.75,7.01,6,20705.63,50.25,0.62,SAFE
Rice,Uttar Pradesh,7.85,2.63,29268.18,58532.2,20.65,604387.92,545855.72,119118.25,8.56,6,20351.64,90.32,0.22,SAFE
Wheat,Uttar Pradesh,2.85,1.76,29982.0,70116.87,5.02,150509.64,80392.77,257679.63,10.46,12,22709.3,53.41,3.21,MODERATE
Wheat,Haryana,2.69,3.03,22346.5,223768.0,8.15,182123.98,-41644.02,106560.87,11.2,6,18344.8,-22.87,999.0,RISKY
Rice,Bihar,7.77,3.44,19640.07,187159.63,26.73,524979.07,337819.44,105161.11,10.85,6,18085.66,64.35,0.31,SAFE
Wheat,Punjab,8.5,1.62,29525.58,185956.93,13.77,406567.24,220610.31,168216.61,8.47,12,14669.48,54.26,0.76,SAFE
Rice,Haryana,4.67,3.89,21565.59,120367.21,18.17,391846.77,271479.56,63659.03,8.11,6,10862.21,69.28,0.23,SAFE
Wheat,Uttar Pradesh,7.83,1.58,20087.46,98948.95,12.37,248481.88,149532.93,70727.14,11.97,9,8255.7,60.18,0.47,SAFE
Wheat,Punjab,6.84,3.75,27779.93,91692.37,25.65,712555.2,620862.83,269470.35,7.64,9,30902.34,87.13,0.43,SAFE
Rice,Punjab,3.21,1.91,21126.23,76610.8,6.13,129503.79,52892.99,234449.35,7.25,12,20313.17,40.84,4.43,RISKY
Rice,Uttar Pradesh,3.55,3.69,29212.5,71506.48,13.1,382683.75,311177.27,208981.13,11.48,12,18516.92,81.31,0.67,SAFE
Rice,Punjab,1.24,2.23,26071.72,152686.59,2.77,72218.66,-80467.93,43751.72,10.81,6,7523.58,-111.42,999.0,RISKY
Wheat,Uttar Pradesh,1.21,2.34,20783.73,236660.26,2.83,58817.96,-177842.3,288956.79,9.54,6,49508.34,-302.36,999.0,RISKY
Wheat,Punjab,1.78,2.5,29118.66,60090.27,4.45,129578.04,69487.77,156616.67,10.9,6,26938.88,53.63,2.25,MODERATE
Wheat,Haryana,1.27,1.53,25554.31,201617.81,1.94,49575.36,-152042.45,74619.19,9.74,6,12792.21,-306.69,999.0,RISKY
Wheat,Haryana,5.2,3.69,18031.62,57030.78,19.19,346026.79,288996.01,227998.88,9.52,6,39061.89,83.52,0.79,SAFE
Wheat,Bihar,5.53,3.8,25982.38,171989.89,21.01,545889.8,373899.91,62622.8,9.0,12,5476.46,68.49,0.17,SAFE
Rice,Punjab,7.84,2.73,27042.33,177092.89,21.4,578705.86,401612.97,142460.08,10.61,9,16536.88,69.4,0.35,SAFE
Rice,Punjab,2.61,2.69,29769.93,243878.31,7.02,208984.91,-34893.4,294420.99,10.58,9,34172.44,-16.7,999.0,RISKY
Wheat,Punjab,5.65,2.43,27915.83,239830.08,13.73,383284.35,143454.27,166959.63,7.84,6,28466.36,37.43,1.16,SAFE
Wheat,Punjab,4.38,1.56,28827.13,118549.52,6.83,196889.3,78339.78,196771.04,9.56,6,33715.66,39.79,2.51,MODERATE
Wheat,Uttar Pradesh,4.44,3.07,26408.54,173171.01,13.63,359948.4,186777.39,166730.92,7.72,9,19126.66,51.89,0.89,SAFE
Rice,Uttar Pradesh,6.01,2.54,25761.1,171194.74,15.27,393372.0,222177.26,95754.0,11.08,12,8466.47,56.48,0.43,SAFE
Wheat,Uttar Pradesh,4.21,2.38,25455.58,111294.48,10.02,255064.91,143770.43,102732.81,9.69,12,9017.04,56.37,0.71,SAFE
Wheat,Haryana,5.26,2.12,24895.63,100507.21,11.15,277586.27,177079.06,140598.57,9.7,6,24100.5,63.79,0.79,SAFE
Wheat,Uttar Pradesh,4.78,2.39,27136.72,107960.79,11.42,309901.34,201940.55,158530.07,9.34,6,27146.1,65.16,0.79,SAFE
Wheat,Uttar Pradesh,8.18,3.8,18575.04,86838.03,31.08,577312.24,490474.21,65074.23,7.51,6,11084.51,84.96,0.13,SAFE
Wheat,Bihar,4.71,2.3,18721.59,206378.53,10.83,202754.82,-3623.71,254530.0,8.27,9,29264.55,-1.79,999.0,RISKY
Wheat,Haryana,4.13,3.23,19445.5,216339.02,13.34,259402.97,43063.95,258866.64,11.41,6,44591.57,16.6,6.01,RISKY
Rice,Bihar,5.51,2.14,23421.8,176258.3,11.79,276143.02,99884.72,192341.82,8.67,9,22150.76,36.17,1.93,MODERATE
Wheat,Punjab,4.83,3.17,27875.43,94526.5,15.31,426772.83,332246.33,30712.14,7.75,6,5235.01,77.85,0.09,SAFE
Wheat,Uttar Pradesh,8.76,3.06,25037.14,117542.25,26.81,671245.72,553703.47,116793.65,11.09,6,20100.07,82.49,0.21,SAFE
Rice,Madhya Pradesh,8.65,1.65,25538.43,194051.16,14.27,364433.4,170382.24,103243.51,7.24,6,17572.43,46.75,0.61,SAFE
Rice,Haryana,5.64,3.93,28065.52,183454.72,22.17,622212.58,438757.86,45550.17,9.78,9,5269.6,70.52,0.1,SAFE
Wheat,Punjab,5.76,2.68,18488.32,90094.94,15.44,285459.66,195364.72,246222.07,9.49,6,42180.34,68.44,1.26,SAFE
Wheat,Bihar,1.18,3.66,28209.19,57715.73,4.32,121863.7,64147.97,223303.5,8.68,9,25717.47,52.64,3.48,MODERATE
Wheat,Uttar Pradesh,6.93,2.4,28459.86,191079.97,16.63,473287.47,282207.5,73972.9,8.49,6,12635.9,59.63,0.26,SAFE
Wheat,Uttar Pradesh,6.42,2.39,25966.66,151435.02,15.34,398328.56,246893.54,179352.82,8.67,9,20654.9,61.98,0.73,SAFE
Rice,Bihar,5.95,3.26,28635.29,245886.29,19.4,555524.63,309638.34,285978.72,11.65,12,25362.06,55.74,0.92,SAFE
Wheat,Bihar,9.38,3.34,23603.08,174851.94,31.33,739484.5,564632.56,259704.09,11.81,6,44787.14,76.35,0.46,SAFE
Wheat,Bihar,1.47,3.29,24257.98,207409.79,4.84,117408.62,-90001.17,34660.1,8.94,6,5928.24,-76.66,999.0,RISKY
Rice,Haryana,5.11,2.34,28348.29,81097.55,11.96,339045.55,257948.0,77238.75,11.73,6,13317.12,76.08,0.3,SAFE
Wheat,Madhya Pradesh,2.08,2.77,29080.57,110619.56,5.76,167504.08,56884.52,286541.3,7.59,9,32853.26,33.96,5.04,RISKY
Rice,Uttar Pradesh,6.5,3.23,24692.67,129700.39,21.0,518546.07,388845.68,39601.73,9.31,12,3468.93,74.99,0.1,SAFE
Wheat,Punjab,4.35,2.54,25509.4,69136.24,11.05,281878.87,212742.63,299067.31,7.88,12,25998.81,75.47,1.41,SAFE
Rice,Haryana,6.32,2.0,19992.24,56983.42,12.64,252701.91,195718.49,70112.4,10.7,6,12052.78,77.45,0.36,SAFE
Rice,Uttar Pradesh,9.09,1.74,18620.53,195835.19,15.82,294576.78,98741.59,156475.81,9.57,9,18086.82,33.52,1.58,MODERATE
Wheat,Punjab,8.44,3.77,28901.91,115817.66,31.82,919658.78,803841.12,223148.82,10.93,9,25937.14,87.41,0.28,SAFE
Wheat,Madhya Pradesh,5.15,2.64,22873.85,208663.94,13.6,311084.36,102420.42,37544.33,11.92,9,4381.51,32.92,0.37,MODERATE
Wheat,Bihar,7.54,2.8,26152.6,186135.97,21.11,552081.39,365945.42,257033.67,11.38,12,22762.65,66.28,0.7,SAFE
Rice,Bihar,3.6,2.74,28359.43,115197.9,9.86,279623.98,164426.08,296023.33,10.3,6,50829.95,58.8,1.8,SAFE
Rice,Uttar Pradesh,2.05,2.42,22661.31,87553.89,4.96,112400.1,24846.21,191428.85,9.57,9,22126.99,22.11,7.7,RISKY
Rice,Bihar,5.04,1.75,21759.0,212124.38,8.82,191914.38,-20210.0,291195.02,9.83,9,33694.62,-10.53,999.0,RISKY
Rice,Madhya Pradesh,3.21,3.76,20180.17,65491.83,12.07,243574.65,178082.82,51733.46,11.0,6,8900.98,73.11,0.29,SAFE
Rice,Bihar,5.18,2.61,18950.28,188542.82,13.52,256207.79,67664.97,209397.2,10.6,6,35986.42,26.41,3.09,MODERATE
Rice,Haryana,5.31,3.45,24885.32,150857.88,18.32,455899.06,305041.18,113901.05,10.42,9,13211.47,66.91,0.37,SAFE
Rice,Madhya Pradesh,3.34,2.25,24569.75,71842.66,7.51,184518.82,112676.16,77914.31,7.62,12,6763.96,61.06,0.69,MODERATE
Wheat,Uttar Pradesh,2.28,2.84,18184.23,244148.67,6.48,117833.81,-126314.86,75839.11,8.98,12,6631.54,-107.2,999.0,RISKY
Rice,Bihar,1.85,3.82,28189.26,160827.52,7.07,199298.07,38470.55,239161.85,11.99,9,27918.7,19.3,6.22,RISKY
Rice,Punjab,9.29,2.23,26120.54,118821.26,20.72,541217.59,422396.33,33830.64,8.08,6,5772.06,78.05,0.08,SAFE
Rice,Haryana,8.99,3.22,29986.73,227107.86,28.95,868115.83,641007.97,178785.46,10.37,9,20733.23,73.84,0.28,SAFE
Rice,Bihar,5.23,1.82,19309.05,119361.37,9.52,183822.16,64460.79,284626.63,11.09,12,25167.72,35.07,4.42,RISKY
Wheat,Haryana,5.98,2.44,19852.01,156644.66,14.59,289640.83,132996.17,61898.98,9.96,12,5440.75,45.92,0.47,SAFE
Wheat,Haryana,3.69,3.35,22596.15,112339.81,12.36,279288.41,166948.6,90467.82,11.71,12,8025.69,59.78,0.54,SAFE
Rice,Haryana,7.77,3.74,20446.16,126166.72,29.06,594165.41,467998.69,111720.26,9.73,9,12922.04,78.77,0.24,SAFE
Rice,Madhya Pradesh,8.92,1.78,18474.41,146024.5,15.88,293373.63,147349.13,189230.45,11.07,9,22007.28,50.23,1.28,SAFE
Rice,Uttar Pradesh,7.57,1.75,27182.88,180146.2,13.25,360173.16,180026.96,171620.83,9.07,6,29364.9,49.98,0.95,SAFE
Rice,Madhya Pradesh,8.9,2.07,23083.15,99404.81,18.42,425191.62,325786.81,82677.3,7.11,6,14066.71,76.62,0.25,SAFE
Wheat,Bihar,2.66,2.49,29786.02,145490.39,6.62,197183.45,51693.06,64894.46,8.61,9,7471.64,26.22,1.26,MODERATE
Wheat,Haryana,5.24,1.99,27159.91,95991.04,10.43,283277.86,187286.82,175933.33,10.33,9,20399.15,66.11,0.94,SAFE
Wheat,Bihar,2.52,3.38,20004.55,126578.03,8.52,170438.77,43860.74,240039.94,7.45,9,27505.85,25.73,5.47,RISKY
Wheat,Punjab,6.67,3.9,25329.36,176179.03,26.01,658816.65,482637.62,120392.41,9.09,9,13888.68,73.26,0.25,SAFE
Rice,Madhya Pradesh,3.24,3.42,21050.73,172201.33,11.08,233242.09,61040.76,261986.97,9.72,6,44910.71,26.17,4.29,RISKY
Wheat,Madhya Pradesh,2.92,2.81,26849.45,151739.25,8.21,220433.98,68694.73,276792.6,10.98,9,32178.85,31.16,4.03,RISKY
Wheat,Punjab,9.25,2.92,21082.92,148429.76,27.01,569449.67,421019.91,245592.45,8.25,12,21392.1,73.93,0.58,SAFE
Rice,Uttar Pradesh,2.68,3.49,19677.65,245965.14,9.35,183986.03,-61979.11,93179.72,9.61,12,8175.09,-33.69,999.0,RISKY
Wheat,Uttar Pradesh,9.39,3.41,21585.81,166601.45,32.02,691177.64,524576.19,200011.05,10.73,6,34386.17,75.9,0.38,SAFE
Wheat,Punjab,9.09,2.98,26041.09,162151.04,27.09,705453.13,543302.09,112850.41,11.51,12,10000.77,77.01,0.21,SAFE
Rice,Punjab,8.41,2.75,24467.28,91371.21,23.13,565928.19,474556.98,102757.02,11.47,6,17703.65,83.85,0.22,SAFE
Wheat,Punjab,9.53,1.82,18964.17,185810.87,17.34,328838.71,143027.84,131740.43,11.35,6,22689.3,43.49,0.92,SAFE
Wheat,Haryana,4.45,3.88,20306.19,88000.07,17.27,350687.9,262687.83,123078.82,11.45,9,14336.12,74.91,0.47,SAFE
Rice,Madhya Pradesh,6.0,2.72,29641.72,151197.66,16.32,483752.87,332555.21,201678.81,10.8,6,34679.85,68.74,0.61,SAFE
Rice,Punjab,6.04,2.05,25000.5,197045.26,12.38,309506.19,112460.93,99045.43,7.65,9,11358.81,36.34,0.88,MODERATE
Wheat,Haryana,9.95,2.45,29521.98,143476.89,24.38,719745.87,576268.98,246124.39,11.67,9,28694.07,80.07,0.43,SAFE
Rice,Madhya Pradesh,4.67,1.64,18905.22,123063.25,7.66,144813.99,21750.74,61007.59,8.09,6,10409.2,15.02,2.8,RISKY
Rice,Haryana,7.9,3.36,28421.11,171554.43,26.54,754296.26,582741.83,262072.47,11.23,6,45120.51,77.26,0.45,SAFE
Wheat,Uttar Pradesh,5.77,2.23,18976.61,155313.54,12.87,244228.97,88915.43,217224.4,9.05,9,25055.29,36.41,2.44,MODERATE
Wheat,Haryana,3.11,2.41,18252.74,139135.64,7.5,136895.55,-2240.09,41344.23,10.49,12,3644.24,-1.64,999.0,RISKY
Rice,Uttar Pradesh,5.15,1.65,20991.14,148623.71,8.5,178424.69,29800.98,45908.24,10.93,12,4055.95,16.7,1.54,RISKY
Rice,Haryana,7.23,2.48,20394.49,123440.23,17.93,365673.21,242232.98,93373.83,7.63,9,10707.49,66.24,0.39,SAFE
Rice,Punjab,9.98,3.09,28305.81,114720.82,30.84,872951.18,758230.36,261061.66,10.9,6,44903.96,86.86,0.34,SAFE
Rice,Punjab,5.94,3.02,27690.72,60586.23,17.94,496771.52,436185.29,55371.33,9.1,9,6388.0,87.8,0.13,SAFE
Wheat,Uttar Pradesh,1.52,2.14,28851.51,158118.39,3.25,93767.41,-64350.98,115772.14,7.78,12,10059.06,-68.63,999.0,RISKY
Rice,Punjab,1.69,3.83,21490.66,107702.17,6.47,139044.57,31342.4,74067.91,11.34,6,12756.15,22.54,2.36,RISKY
Rice,Madhya Pradesh,3.02,3.98,18283.06,71386.69,12.02,219762.38,148375.69,100165.55,10.44,12,8826.65,67.52,0.68,SAFE
Rice,Bihar,7.1,3.43,27179.85,154376.43,24.35,661829.35,507452.92,101077.56,8.32,9,11623.76,76.67,0.2,SAFE
Rice,Madhya Pradesh,2.71,3.08,27566.57,74792.93,8.35,230180.86,155387.93,108327.18,8.68,6,18514.36,67.51,0.7,SAFE
Rice,Bihar,4.56,2.25,19492.16,120535.53,10.26,199989.56,79454.03,134029.03,8.97,9,15454.23,39.73,1.69,MODERATE
Wheat,Punjab,9.24,3.14,27675.1,169265.12,29.01,802854.65,633589.53,117242.5,11.56,9,13662.43,78.92,0.19,SAFE
Rice,Punjab,4.85,1.56,27008.98,102365.24,7.57,204457.98,102092.74,185040.91,11.55,6,31887.37,49.93,1.81,MODERATE
Rice,Haryana,7.37,1.94,22628.36,196858.53,14.3,323585.55,126727.02,46701.86,10.7,6,8028.35,39.16,0.37,SAFE
Rice,Bihar,4.04,2.35,18642.69,171101.73,9.49,176919.13,5817.4,171545.65,8.83,9,19768.75,3.29,29.49,RISKY
Wheat,Haryana,4.84,3.32,22703.59,117955.06,16.07,364846.69,246891.63,237456.21,7.75,12,20628.5,67.67,0.96,SAFE
Rice,Punjab,3.97,3.42,23931.61,171696.98,13.58,324991.26,153294.28,40446.19,7.46,12,3508.26,47.17,0.26,SAFE
Rice,Bihar,2.44,3.38,27840.72,100083.18,8.25,229685.94,129602.76,281312.05,10.61,9,32654.93,56.43,2.17,MODERATE
Rice,Uttar Pradesh,6.7,2.41,19686.22,172988.41,16.15,317932.45,144944.04,64375.24,8.24,6,10988.54,45.59,0.44,SAFE
Wheat,Uttar Pradesh,1.44,3.4,26594.08,97577.81,4.9,130310.99,32733.18,159583.89,7.63,6,27192.34,25.12,4.88,RISKY
Rice,Uttar Pradesh,2.56,3.36,18562.53,247958.49,8.6,159637.76,-88320.73,167126.58,11.01,12,14771.7,-55.33,999.0,RISKY
Wheat,Madhya Pradesh,8.62,3.56,27910.27,187282.84,30.69,856566.19,669283.35,54521.83,8.57,9,6276.35,78.14,0.08,SAFE
Rice,Madhya Pradesh,5.87,2.63,25455.66,184137.04,15.44,393035.39,208898.35,209502.91,10.16,6,35959.13,53.15,1.0,SAFE
Rice,Haryana,5.22,3.23,22114.53,134184.21,16.86,372850.98,238666.77,121140.87,7.95,9,13909.89,64.01,0.51,SAFE
Rice,Punjab,2.47,2.59,18501.65,193226.52,6.4,118410.56,-74815.96,94016.95,9.2,12,8230.64,-63.18,999.0,RISKY
Rice,Bihar,3.56,3.63,23588.95,58415.2,12.92,304769.23,246354.03,84801.47,7.73,9,9728.46,80.83,0.34,SAFE
Wheat,Haryana,8.51,1.68,29270.85,199087.5,14.3,418573.16,219485.66,217094.53,10.75,6,37325.32,52.44,0.99,SAFE
Rice,Punjab,7.41,3.4,29321.87,124679.15,25.19,738617.91,613938.76,291507.78,10.11,12,25643.08,83.12,0.47,SAFE
Rice,Punjab,8.93,3.31,18437.67,145174.08,29.56,545017.53,399843.45,208177.42,8.1,9,23918.49,73.36,0.52,SAFE
Rice,Punjab,6.2,2.59,29317.86,212010.61,16.06,470844.83,258834.22,180013.89,11.86,6,31048.65,54.97,0.7,SAFE
Wheat,Madhya Pradesh,8.21,2.99,19838.6,53611.93,24.55,487037.63,433425.7,208690.45,8.46,6,35645.01,88.99,0.48,SAFE
Rice,Uttar Pradesh,6.32,3.81,26317.03,80697.23,24.08,633714.08,553016.85,240264.56,7.31,6,40902.19,87.27,0.43,SAFE
Rice,Madhya Pradesh,5.31,2.97,19364.96,95983.04,15.77,305385.42,209402.38,203218.09,8.21,9,23359.23,68.57,0.97,SAFE
Wheat,Punjab,4.76,2.87,28669.98,94844.43,13.66,391631.93,296787.5,236502.7,8.7,12,20649.62,75.78,0.8,SAFE
Wheat,Bihar,3.69,3.11,28899.67,227043.69,11.48,331768.21,104724.52,141071.05,10.96,6,24269.13,31.57,1.35,MODERATE
Rice,Madhya Pradesh,5.43,2.38,20117.97,51854.73,12.92,259924.17,208069.44,71053.47,8.19,9,8166.68,80.05,0.34,SAFE
Wheat,Haryana,4.73,2.55,29445.12,193559.21,12.06,355108.15,161548.94,189119.02,8.81,6,32334.7,45.49,1.17,SAFE
Wheat,Uttar Pradesh,4.07,3.16,22144.81,229143.77,12.86,284782.26,55638.49,258458.97,11.47,6,44529.01,19.54,4.65,RISKY
Wheat,Bihar,7.57,1.76,23442.36,205548.61,13.32,312252.24,106703.63,50654.38,8.63,6,8656.17,34.17,0.47,MODERATE
Rice,Bihar,7.5,2.06,26973.28,176607.26,15.45,416737.18,240129.92,154192.98,7.24,12,13358.88,57.62,0.64,SAFE
Rice,Punjab,4.93,2.15,19842.51,190910.05,10.6,210330.61,19420.56,104867.53,8.22,12,9132.93,9.23,5.4,RISKY
Rice,Bihar,4.11,2.29,29381.52,96777.83,9.41,276480.1,179702.27,147515.47,11.52,9,17187.38,65.0,0.82,SAFE
Rice,Haryana,1.44,3.01,22423.03,249871.76,4.33,97091.72,-152780.04,89774.76,7.66,12,7795.26,-157.36,999.0,RISKY
Wheat,Madhya Pradesh,3.01,3.55,24322.37,71580.07,10.69,260006.14,188426.07,226070.43,11.69,6,38973.46,72.47,1.2,SAFE
Rice,Uttar Pradesh,4.96,1.91,23772.74,152147.95,9.47,225127.85,72979.9,109443.39,10.51,12,9647.79,32.42,1.5,MODERATE
Rice,Uttar Pradesh,5.71,3.25,29847.12,177080.33,18.56,553962.55,376882.22,90110.65,7.36,6,15342.48,68.03,0.24,SAFE
Wheat,Punjab,2.91,3.57,27591.29,239702.92,10.39,286673.5,46970.58,248608.41,11.24,6,42803.66,16.38,5.29,RISKY
Wheat,Uttar Pradesh,3.91,3.1,26387.11,219563.47,12.12,319811.77,100248.3,225488.64,10.02,9,26111.91,31.35,2.25,MODERATE
Rice,Punjab,5.32,2.75,28090.71,154164.5,14.63,410967.09,256802.59,269915.83,9.0,12,23604.54,62.49,1.05,SAFE
Wheat,Madhya Pradesh,9.17,1.98,21206.82,212523.87,18.16,385115.85,172591.98,73268.86,8.49,6,12515.64,44.82,0.42,SAFE
Rice,Punjab,8.88,3.41,29261.92,168466.96,30.28,886050.94,717583.98,293713.54,10.72,12,25920.54,80.99,0.41,SAFE
Wheat,Madhya Pradesh,8.42,2.66,28203.87,178031.79,22.4,631766.69,453734.9,262080.21,7.33,9,30016.62,71.82,0.58,SAFE
Wheat,Madhya Pradesh,5.53,2.71,27632.37,246421.57,14.99,414209.23,167787.66,272594.72,7.62,12,23664.72,40.51,1.62,SAFE
Wheat,Madhya Pradesh,1.94,3.44,26310.52,89507.72,6.67,175491.17,85983.45,142951.35,8.69,6,24432.73,49.0,1.66,MODERATE
Wheat,Madhya Pradesh,5.38,2.8,27565.4,177236.44,15.06,415134.92,237898.48,64248.97,11.88,9,7496.78,57.31,0.27,SAFE
Rice,Bihar,2.54,2.85,24818.08,98882.33,7.24,179682.9,80800.57,142247.55,11.88,12,12630.54,44.97,1.76,MODERATE
Rice,Punjab,8.42,1.73,29981.66,200713.88,14.57,436832.79,236118.91,99298.82,10.38,6,17054.44,54.05,0.42,SAFE
Wheat,Uttar Pradesh,8.26,3.04,24544.0,203723.17,25.11,616299.84,412576.67,167782.56,7.42,12,14550.19,66.94,0.41,SAFE
Rice,Bihar,2.46,1.67,19685.74,187003.4,4.11,80908.39,-106095.01,208851.94,10.62,9,24244.69,-131.13,999.0,RISKY
Wheat,Punjab,6.32,3.54,26007.25,118295.82,22.37,581782.18,463486.36,131938.54,10.35,12,11620.98,79.67,0.28,SAFE
Rice,Bihar,6.39,2.45,24849.95,225614.7,15.66,389150.22,163535.52,159693.4,11.78,9,18625.97,42.02,0.98,SAFE
Rice,Punjab,7.46,1.86,19717.58,51173.77,13.88,273680.01,222506.24,120357.33,10.73,12,10622.23,81.3,0.54,SAFE
Wheat,Madhya Pradesh,4.81,2.65,27246.89,79278.63,12.75,347397.85,268119.22,73208.32,11.22,12,6477.79,77.18,0.27,SAFE
Wheat,Uttar Pradesh,9.1,3.42,26758.91,173506.38,31.12,832737.28,659230.9,266746.33,10.21,9,30913.59,79.16,0.4,SAFE
Rice,Punjab,3.8,2.96,18596.15,115895.74,11.25,209206.69,93310.95,85822.35,7.26,6,14608.13,44.6,0.92,MODERATE
Rice,Haryana,1.16,2.78,29688.31,96239.83,3.22,95596.36,-643.47,95327.54,9.54,12,8360.42,-0.67,999.0,RISKY
Wheat,Punjab,7.24,3.38,29698.59,93675.13,24.47,726724.5,633049.37,264762.97,8.0,6,45162.5,87.11,0.42,SAFE
Wheat,Uttar Pradesh,3.55,2.07,28616.49,51089.35,7.35,210331.2,159241.85,71287.13,7.91,6,12156.8,75.71,0.45,SAFE
Rice,Bihar,3.86,3.7,23789.96,213186.69,14.28,339720.63,126533.94,142950.83,8.55,6,24422.79,37.25,1.13,SAFE
Rice,Bihar,4.32,3.86,28087.5,173486.76,16.68,468499.5,295012.74,295210.84,11.08,9,34334.08,62.97,1.0,SAFE
Wheat,Uttar Pradesh,4.27,2.49,28080.16,119316.73,10.63,298492.1,179175.37,150762.67,8.59,9,17356.67,60.03,0.84,SAFE
Wheat,Haryana,4.13,3.56,25507.04,72117.55,14.7,374953.49,302835.94,77487.0,8.81,12,6769.53,80.77,0.26,SAFE
Rice,Haryana,6.15,3.35,24382.11,172475.77,20.6,502271.47,329795.7,132774.17,7.29,12,11506.28,65.66,0.4,SAFE
Wheat,Uttar Pradesh,3.51,3.81,21738.68,222846.42,13.37,290646.15,67799.73,174031.14,8.82,12,15204.76,23.33,2.57,MODERATE
Wheat,Bihar,4.16,2.86,28469.63,125358.77,11.9,338788.6,213429.83,192078.86,7.48,12,16662.49,63.0,0.9,SAFE
Wheat,Haryana,6.18,3.94,25562.6,80806.27,24.35,622449.31,541643.04,244290.21,10.93,6,42022.8,87.02,0.45,SAFE
Wheat,Uttar Pradesh,4.12,2.91,23878.58,83203.55,11.99,286304.17,203100.62,140278.75,7.51,6,23894.57,70.94,0.69,SAFE
Rice,Madhya Pradesh,5.67,2.0,21292.26,189382.43,11.34,241454.23,52071.8,69035.27,11.67,12,6123.05,21.57,1.33,MODERATE
Wheat,Bihar,5.69,1.77,23051.52,55072.76,10.07,232128.81,177056.05,129012.18,11.43,12,11428.2,76.27,0.73,SAFE
Wheat,Madhya Pradesh,1.5,2.84,18836.85,192940.72,4.26,80244.98,-112695.74,53523.97,10.96,12,4729.54,-140.44,999.0,RISKY
Wheat,Madhya Pradesh,2.64,3.21,29652.32,99020.55,8.47,251155.15,152134.6,241918.84,8.17,12,21063.16,60.57,1.59,SAFE
Rice,Punjab,3.35,3.08,29317.74,210131.04,10.32,302559.08,92428.04,273555.89,7.74,12,23763.32,30.55,2.96,MODERATE
Rice,Haryana,5.87,2.62,27256.7,117863.93,15.38,419208.05,301344.12,211901.16,10.6,12,18688.66,71.88,0.7,SAFE
Rice,Bihar,2.24,2.5,25962.83,201967.14,5.6,145391.85,-56575.29,121400.84,8.39,12,10582.37,-38.91,999.0,RISKY
Wheat,Uttar Pradesh,5.53,3.29,20986.49,99079.19,18.19,381744.25,282665.06,53789.02,10.9,12,4751.45,74.05,0.19,SAFE
Wheat,Haryana,6.29,1.68,21786.18,206113.05,10.57,230279.92,24166.87,203807.0,7.74,12,17704.36,10.49,8.43,RISKY
Rice,Bihar,2.88,3.16,24153.05,168928.49,9.1,219792.75,50864.26,175026.7,11.83,9,20418.54,23.14,3.44,MODERATE
Rice,Uttar Pradesh,1.79,2.86,19700.92,225242.41,5.12,100868.71,-124373.7,283664.44,8.63,6,48474.52,-123.3,999.0,RISKY
Rice,Bihar,5.76,3.49,28304.86,239364.25,20.1,568927.69,329563.44,290225.27,7.77,9,33300.24,57.93,0.88,SAFE
Rice,Bihar,8.93,3.94,20235.0,124264.12,35.18,711867.3,587603.18,181963.76,7.05,6,30953.94,82.54,0.31,SAFE
Wheat,Uttar Pradesh,6.33,2.93,21723.34,102829.56,18.55,402967.96,300138.4,133953.25,8.26,12,11668.49,74.48,0.45,SAFE
Wheat,Punjab,6.83,1.76,25481.63,121241.49,12.02,306289.19,185047.7,43825.67,10.86,12,3870.52,60.42,0.24,SAFE
Rice,Punjab,9.63,3.61,27849.61,199763.27,34.76,968052.44,768289.17,164474.09,9.46,6,28173.65,79.36,0.21,SAFE
Wheat,Uttar Pradesh,8.72,3.74,28984.56,155671.71,32.61,945186.5,789514.79,206889.67,9.02,6,35394.43,83.53,0.26,SAFE
Wheat,Bihar,4.67,1.88,22738.83,115330.25,8.78,199646.93,84316.68,276183.58,10.47,9,32041.29,42.23,3.28,MODERATE
Wheat,Haryana,9.35,3.82,25418.72,184866.09,35.72,907956.68,723090.59,230010.0,11.98,6,39685.58,79.64,0.32,SAFE
Wheat,Haryana,5.15,3.42,20584.63,56157.56,17.61,362495.33,306337.77,156706.75,11.93,12,13918.07,84.51,0.51,SAFE
Wheat,Madhya Pradesh,8.08,2.73,28143.69,87256.48,22.06,620849.8,533593.32,71844.33,9.33,12,6293.89,85.95,0.13,SAFE
Rice,Madhya Pradesh,5.72,1.6,25675.94,143000.36,9.15,234934.85,91934.49,158171.36,11.03,12,13981.66,39.13,1.72,MODERATE
Rice,Bihar,9.16,3.45,28547.62,220411.46,31.6,902104.79,681693.33,137566.57,8.25,6,23482.61,75.57,0.2,SAFE
Rice,Haryana,1.41,1.58,23735.6,75195.19,2.23,52930.39,-22264.8,55619.77,11.41,6,9580.89,-42.06,999.0,RISKY
Rice,Haryana,7.6,3.27,28216.15,95069.52,24.85,701171.33,606101.81,41894.64,10.17,6,7191.01,86.44,0.07,SAFE
Rice,Uttar Pradesh,7.31,3.67,23051.63,216305.74,26.83,618475.23,402169.49,292324.96,7.87,9,33554.93,65.03,0.73,SAFE
Rice,Bihar,5.83,3.24,26781.1,164142.45,18.89,505894.98,341752.53,145848.57,8.81,6,24936.52,67.55,0.43,SAFE
Rice,Punjab,6.84,2.03,22358.07,95420.34,13.89,310553.59,215133.25,141943.51,8.14,9,16311.24,69.27,0.66,SAFE
Wheat,Madhya Pradesh,3.47,2.88,26033.26,186106.87,9.99,260072.27,73965.4,132885.04,9.94,6,22794.01,28.44,1.8,MODERATE
Wheat,Haryana,6.55,2.5,23996.29,216622.28,16.38,393059.23,176436.95,46825.94,9.33,12,4102.17,44.89,0.27,SAFE
Wheat,Haryana,9.73,2.56,26578.21,227036.29,24.91,662063.21,435026.92,202507.39,11.79,12,17972.65,65.71,0.47,SAFE
Wheat,Haryana,8.41,2.61,25332.82,72204.89,21.95,556055.4,483850.51,251699.65,10.72,12,22212.77,87.01,0.52,SAFE
Rice,Madhya Pradesh,9.34,1.79,20431.51,196949.5,16.72,341614.85,144665.35,171610.19,11.36,12,15196.03,42.35,1.19,SAFE
Wheat,Madhya Pradesh,1.09,3.66,26675.32,106681.66,3.99,106434.53,-247.13,212061.28,11.75,9,24730.92,-0.23,999.0,RISKY
Wheat,Bihar,3.58,3.97,29111.95,204688.25,14.21,413680.81,208992.56,91544.23,9.41,9,10574.55,50.52,0.44,SAFE
Wheat,Madhya Pradesh,6.38,1.68,29136.7,172560.87,10.72,312345.42,139784.55,93746.67,8.5,12,8176.56,44.75,0.67,SAFE
Wheat,Haryana,6.66,3.94,20788.87,134268.76,26.24,545499.95,411231.19,177484.14,7.75,12,15418.56,75.39,0.43,SAFE
Rice,Punjab,6.3,2.8,26288.73,86250.54,17.64,463733.2,377482.66,228239.39,8.28,9,26242.87,81.4,0.6,SAFE
Rice,Bihar,1.2,2.2,27270.32,144555.01,2.64,71993.64,-72561.37,32573.28,9.68,12,2858.86,-100.79,999.0,RISKY
Wheat,Punjab,3.2,2.54,28591.1,180590.29,8.13,232445.64,51855.35,47965.43,7.79,6,8176.85,22.31,0.92,MODERATE
Wheat,Madhya Pradesh,3.37,2.64,25374.67,177386.42,8.9,225834.56,48448.14,154429.43,9.43,6,26450.76,21.45,3.19,RISKY
Wheat,Bihar,4.91,2.64,29209.96,129525.21,12.96,378561.08,249035.87,186846.55,11.99,6,32239.14,65.78,0.75,SAFE
Wheat,Punjab,6.4,2.71,21967.45,57909.14,17.34,380915.58,323006.44,97925.42,7.29,9,11213.77,84.8,0.3,SAFE
Rice,Punjab,8.03,1.57,18175.88,111612.64,12.61,229197.85,117585.21,119411.12,10.48,9,13853.98,51.3,1.02,MODERATE
Rice,Madhya Pradesh,9.91,1.77,21053.96,128976.21,17.54,369286.46,240310.25,199053.57,8.37,6,33990.19,65.07,0.83,SAFE
Wheat,Bihar,8.61,2.37,28966.36,240011.56,20.41,591203.41,351191.85,267819.76,7.96,9,30753.42,59.4,0.76,SAFE
Rice,Haryana,1.24,2.76,25131.92,239435.94,3.42,85951.17,-153484.77,139632.82,9.78,6,23940.46,-178.57,999.0,RISKY
Wheat,Bihar,1.93,2.65,22536.36,215962.11,5.11,115160.8,-100801.31,177245.53,11.2,6,30513.4,-87.53,999.0,RISKY
Rice,Punjab,9.5,1.55,19583.45,83090.81,14.72,288268.38,205177.57,127742.28,11.3,9,14870.22,71.18,0.62,SAFE
Wheat,Punjab,4.59,3.33,24605.36,227517.16,15.28,375969.9,148452.74,226725.1,11.45,9,26408.75,39.49,1.53,SAFE
Wheat,Haryana,4.34,2.9,24105.31,57088.33,12.59,303485.85,246397.52,234609.77,8.96,12,20512.62,81.19,0.95,SAFE
Wheat,Punjab,5.11,2.64,22854.67,126156.36,13.49,308309.5,182153.14,54282.16,10.05,6,9314.06,59.08,0.3,SAFE
Wheat,Uttar Pradesh,8.93,2.43,25358.06,74396.38,21.7,550269.9,475873.52,195326.28,10.73,6,33580.75,86.48,0.41,SAFE
Wheat,Punjab,7.85,2.85,19966.4,188441.34,22.37,446648.37,258207.03,104080.99,8.5,6,17779.42,57.81,0.4,SAFE
Rice,Haryana,3.64,3.81,19932.63,242759.19,13.87,276465.58,33706.39,185837.9,10.07,9,21524.69,12.19,5.51,RISKY
Wheat,Punjab,6.08,2.21,21398.72,95701.57,13.44,287598.8,191897.23,53067.75,8.11,9,6097.46,66.72,0.28,SAFE
Rice,Madhya Pradesh,1.59,2.38,29421.97,128500.91,3.78,111215.05,-17285.86,119586.89,10.53,12,10543.09,-15.54,999.0,RISKY
Rice,Madhya Pradesh,3.55,3.56,29140.86,169531.74,12.64,368340.47,198808.73,39319.26,7.07,12,3403.44,53.97,0.2,SAFE
Rice,Punjab,7.07,1.73,21312.74,79891.82,12.23,260654.81,180762.99,70698.47,9.67,9,8175.28,69.35,0.39,SAFE
Wheat,Madhya Pradesh,8.1,2.94,23169.22,58030.53,23.81,551659.13,493628.6,99527.99,10.94,6,17121.3,89.48,0.2,SAFE
Rice,Uttar Pradesh,9.76,2.1,25902.73,74065.56,20.5,531005.96,456940.4,194971.22,7.81,12,16943.12,86.05,0.43,SAFE
Wheat,Bihar,6.82,3.57,21304.29,164477.8,24.35,518759.46,354281.66,197481.83,9.26,12,17293.9,68.29,0.56,SAFE
Wheat,Uttar Pradesh,6.91,3.96,29930.02,95520.52,27.36,818885.35,723364.83,132206.1,8.01,9,15184.18,88.34,0.18,SAFE
Rice,Haryana,9.76,3.9,19452.98,121535.25,38.06,740380.42,618845.17,141327.86,11.79,12,12542.93,83.58,0.23,SAFE
Wheat,Madhya Pradesh,3.91,3.04,21279.18,217187.04,11.89,253009.45,35822.41,167153.65,11.1,12,14781.11,14.16,4.67,RISKY
Wheat,Uttar Pradesh,4.83,3.13,29605.51,137584.46,15.12,447635.31,310050.85,133559.32,10.41,12,11767.47,69.26,0.43,SAFE
Rice,Madhya Pradesh,6.76,3.47,22776.05,61474.63,23.46,534326.13,472851.5,61734.81,9.06,9,7120.96,88.49,0.13,SAFE
Rice,Punjab,4.04,3.34,27451.59,235003.92,13.49,370321.95,135318.03,42041.07,9.22,6,7196.47,36.54,0.31,SAFE
Rice,Madhya Pradesh,6.02,3.54,25026.61,247511.5,21.31,533317.06,285805.56,177739.57,11.35,6,30611.61,53.59,0.62,SAFE
Rice,Haryana,5.89,3.8,20601.53,200289.13,22.38,461062.24,260773.11,115202.43,9.12,12,10081.03,56.56,0.44,SAFE
Wheat,Bihar,6.2,3.82,20007.5,120068.96,23.68,473777.6,353708.64,161828.95,8.08,12,14083.23,74.66,0.46,SAFE
Rice,Haryana,2.0,2.19,21584.38,247946.66,4.38,94539.58,-153407.08,116304.08,7.54,6,19812.53,-162.27,999.0,RISKY
Rice,Haryana,9.32,3.53,24489.03,184441.14,32.9,805689.09,621247.95,64144.42,11.54,6,11053.44,77.11,0.1,SAFE
Wheat,Bihar,5.9,1.56,27333.74,230373.72,9.2,251470.41,21096.69,64954.28,9.43,9,7503.68,8.39,3.08,RISKY
Wheat,Punjab,3.59,2.71,24048.41,68905.75,9.73,233991.03,165085.28,132159.17,8.35,9,15199.97,70.55,0.8,SAFE
Wheat,Haryana,9.98,3.48,22147.22,113493.51,34.73,769172.95,655679.44,215718.51,8.92,9,24868.36,85.24,0.33,SAFE
Rice,Madhya Pradesh,3.62,1.53,19102.07,170878.52,5.54,105825.47,-65053.05,274371.93,8.92,12,23984.05,-61.47,999.0,RISKY
Rice,Bihar,9.55,2.67,24674.54,228456.18,25.5,629200.77,400744.59,69867.47,9.24,12,6117.79,63.69,0.17,SAFE
Wheat,Haryana,9.6,2.13,20738.62,163287.8,20.45,424104.78,260816.98,172461.27,11.83,9,20119.26,61.5,0.66,SAFE
Rice,Punjab,1.03,2.12,26228.65,165853.45,2.18,57178.46,-108674.99,217813.39,8.44,6,37201.09,-190.06,999.0,RISKY
Wheat,Madhya Pradesh,9.04,1.52,24578.14,206704.78,13.74,337703.64,130998.86,40386.94,9.25,12,3536.58,38.79,0.31,SAFE
Rice,Uttar Pradesh,7.99,3.04,27698.32,68339.14,24.29,672792.19,604453.05,192424.55,9.87,6,33000.3,89.84,0.32,SAFE
Rice,Madhya Pradesh,4.84,1.78,25838.19,82147.63,8.62,222725.2,140577.57,252713.46,9.99,9,29260.99,63.12,1.8,SAFE
Wheat,Bihar,5.24,3.93,23140.28,179755.48,20.59,476458.37,296702.89,257083.47,11.13,6,44248.87,62.27,0.87,SAFE
Rice,Haryana,5.96,2.86,19361.42,234816.63,17.05,330112.21,95295.58,158118.08,11.93,12,14043.42,28.87,1.66,MODERATE
Rice,Madhya Pradesh,3.67,2.48,28707.09,208705.28,9.1,261234.52,52529.24,283508.63,11.85,12,25169.51,20.11,5.4,RISKY
Wheat,Uttar Pradesh,2.11,1.69,22504.92,201261.38,3.57,80342.56,-120918.82,59344.49,8.99,6,10151.71,-150.5,999.0,RISKY
Rice,Madhya Pradesh,9.59,3.47,28431.17,230081.45,33.28,946189.34,716107.89,166690.02,8.21,6,28450.71,75.68,0.23,SAFE
Wheat,Haryana,1.04,2.04,24709.59,238286.13,2.12,52384.33,-185901.8,113252.55,8.94,9,13056.99,-354.88,999.0,RISKY
Rice,Uttar Pradesh,3.39,2.08,19388.71,211165.92,7.05,136690.41,-74475.51,71931.48,8.58,9,8280.83,-54.48,999.0,RISKY
Wheat,Haryana,6.21,3.6,27944.39,73134.92,22.36,624836.56,551701.64,147155.76,8.46,12,12832.17,88.3,0.27,SAFE
Rice,Punjab,5.3,3.74,21325.15,51637.81,19.82,422664.47,371026.66,218313.7,9.63,12,19155.69,87.78,0.59,SAFE
Rice,Haryana,3.35,2.08,19406.34,178866.88,6.97,135262.19,-43604.69,63909.65,8.69,9,7360.66,-32.24,999.0,RISKY
Wheat,Haryana,3.13,3.94,18428.77,210413.77,12.33,227226.73,16812.96,79647.36,9.29,12,6975.99,7.4,4.74,RISKY
Wheat,Punjab,3.29,3.08,28877.67,99309.9,10.13,292530.8,193220.9,261382.28,11.88,6,45085.59,66.05,1.35,SAFE
Wheat,Madhya Pradesh,3.67,1.91,23074.05,172305.81,7.01,161749.09,-10556.72,173343.87,10.37,6,29770.73,-6.53,999.0,RISKY
Rice,Madhya Pradesh,2.47,3.01,29582.37,211838.03,7.43,219797.01,7958.98,35604.03,7.75,9,4084.85,3.62,4.47,RISKY
Rice,Punjab,6.2,2.7,22020.56,249802.91,16.74,368624.17,118821.26,197977.05,8.48,12,17265.68,32.23,1.67,MODERATE
Rice,Punjab,6.67,3.36,29291.47,54132.78,22.41,656421.84,602289.06,49305.12,7.85,9,5659.09,91.75,0.08,SAFE
Rice,Punjab,1.17,3.47,23141.52,214697.15,4.06,93954.57,-120742.58,287036.11,7.14,12,24854.83,-128.51,999.0,RISKY
Wheat,Bihar,5.68,3.8,22301.41,171495.17,21.58,481264.43,309769.26,115148.21,10.11,9,13339.23,64.37,0.37,SAFE
Wheat,Bihar,1.86,1.71,21789.57,175666.34,3.18,69290.83,-106375.51,84890.56,10.2,6,14572.31,-153.52,999.0,RISKY
Wheat,Punjab,6.2,1.73,18578.28,111318.18,10.73,199344.94,88026.76,274527.24,11.4,12,24314.42,44.16,3.12,MODERATE
Wheat,Punjab,6.04,2.05,19464.94,181510.98,12.38,240975.96,59464.98,168830.86,8.15,12,14698.04,24.68,2.84,MODERATE
Wheat,Bihar,9.44,2.48,25845.7,133150.4,23.41,605047.84,471897.44,116851.29,8.61,6,19967.2,77.99,0.25,SAFE
Rice,Haryana,9.89,2.89,27744.73,201814.57,28.58,792944.38,591129.81,141367.71,7.91,9,16229.75,74.55,0.24,SAFE
Rice,Punjab,5.02,3.77,19726.75,244870.93,18.93,373427.38,128556.45,74079.67,10.33,9,8589.4,34.43,0.58,SAFE
Rice,Madhya Pradesh,3.78,1.58,20355.04,110869.0,5.97,121519.59,10650.59,163629.43,8.59,6,27958.9,8.76,15.36,RISKY
Wheat,Punjab,8.21,2.55,18897.94,242391.15,20.94,395722.86,153331.71,183522.51,8.14,6,31317.36,38.75,1.2,SAFE
Rice,Haryana,8.71,2.25,26371.95,136480.59,19.6,516890.22,380409.63,295847.22,7.26,12,25634.17,73.6,0.78,SAFE
Wheat,Uttar Pradesh,7.25,3.51,23260.57,89773.49,25.45,591981.51,502208.02,231121.96,7.51,6,39368.47,84.84,0.46,SAFE
Rice,Punjab,4.53,2.67,28974.96,222482.75,12.1,350597.02,128114.27,244252.06,11.02,12,21589.68,36.54,1.91,SAFE
Rice,Bihar,4.25,3.43,22082.25,240361.05,14.58,321959.21,81598.16,280733.02,11.91,6,48427.54,25.34,3.44,MODERATE
Rice,Uttar Pradesh,9.25,3.84,26984.97,69185.07,35.52,958506.13,889321.06,73830.8,8.17,6,12600.01,92.78,0.08,SAFE
Rice,Uttar Pradesh,9.21,3.75,21109.12,70976.86,34.54,729109.0,658132.14,248563.82,9.02,12,21739.58,90.27,0.38,SAFE
Rice,Bihar,5.34,2.75,23539.37,193648.56,14.68,345557.95,151909.39,166497.44,9.27,9,19221.6,43.96,1.1,SAFE
Rice,Haryana,4.61,2.04,28406.15,71172.3,9.4,267017.81,195845.51,216824.77,8.91,6,37082.37,73.35,1.11,SAFE
Wheat,Uttar Pradesh,5.63,2.92,28666.07,180848.25,16.44,471270.19,290421.94,178052.18,8.48,9,20489.16,61.63,0.61,SAFE
Rice,Madhya Pradesh,2.32,2.77,18667.19,170540.43,6.43,120030.03,-50510.4,245243.98,11.91,9,28619.38,-42.08,999.0,RISKY
Wheat,Haryana,2.97,1.86,28640.09,50809.23,5.52,158093.3,107284.07,188273.27,11.8,9,21961.2,67.86,1.75,MODERATE
Rice,Uttar Pradesh,9.46,2.85,20086.43,131094.06,26.96,541530.15,410436.09,183374.52,11.27,6,31574.86,75.79,0.45,SAFE
Wheat,Bihar,1.59,1.69,25390.38,202414.81,2.69,68300.12,-134114.69,231853.2,7.23,9,26543.75,-196.36,999.0,RISKY
Wheat,Punjab,1.32,3.93,19315.16,231591.37,5.19,100245.68,-131345.69,226183.18,9.91,12,19875.63,-131.02,999.0,RISKY
Rice,Haryana,4.02,1.61,26745.01,125091.78,6.47,173040.21,47948.43,181888.88,9.18,12,15921.64,27.71,3.79,RISKY
Rice,Uttar Pradesh,4.15,2.99,25806.03,208748.61,12.41,320252.83,111504.22,53316.95,9.89,9,6170.9,34.82,0.48,MODERATE
Wheat,Punjab,6.26,2.72,21260.49,116043.52,17.03,362066.14,246022.62,46005.01,7.14,9,5264.94,67.95,0.19,SAFE
Rice,Bihar,5.92,2.81,28162.2,208973.2,16.64,468619.01,259645.81,292447.29,7.78,9,33556.57,55.41,1.13,SAFE
Rice,Bihar,6.75,2.33,21711.21,64454.02,15.73,341517.33,277063.31,215683.33,10.67,9,25042.82,81.13,0.78,SAFE
Rice,Punjab,9.33,3.44,28265.09,92865.04,32.1,907309.39,814444.35,106763.83,11.87,6,18415.07,89.76,0.13,SAFE
Wheat,Bihar,9.48,3.94,26994.68,63695.93,37.35,1008251.3,944555.37,291974.45,11.05,6,50242.74,93.68,0.31,SAFE
Wheat,Haryana,8.47,1.85,19075.94,150198.28,15.67,298919.98,148721.7,177189.22,8.5,12,15454.41,49.75,1.19,SAFE
Wheat,Bihar,2.06,2.82,27838.91,242747.78,5.81,161744.07,-81003.71,299715.75,10.89,9,34831.02,-50.08,999.0,RISKY
Rice,Madhya Pradesh,5.86,3.87,25630.49,225281.76,22.68,581299.51,356017.75,275955.05,11.91,6,47603.32,61.25,0.78,SAFE
Rice,Punjab,2.79,1.79,20502.63,100265.3,4.99,102308.12,2042.82,288803.1,8.3,9,33209.18,2.0,141.37,RISKY
Wheat,Bihar,3.4,3.3,22013.66,237162.92,11.22,246993.27,9830.35,229496.48,9.29,6,39292.47,3.98,23.35,RISKY
Rice,Punjab,1.7,3.8,24767.22,191370.08,6.46,159996.24,-31373.84,156830.06,7.76,6,26733.12,-19.61,999.0,RISKY
Wheat,Madhya Pradesh,7.26,3.44,18902.38,138427.15,24.97,471992.43,333565.28,144252.5,11.8,12,12803.17,70.67,0.43,SAFE
Wheat,Bihar,4.49,1.51,28662.46,212322.84,6.78,194331.48,-17991.36,30974.84,11.9,6,5343.13,-9.26,999.0,RISKY
Wheat,Haryana,2.65,2.83,26747.45,194443.35,7.5,200605.88,6162.53,42141.28,8.11,6,7190.62,3.07,6.84,RISKY
Wheat,Punjab,3.39,2.44,27460.18,112342.64,8.27,227095.69,114753.05,81494.32,7.65,6,13887.05,50.53,0.71,MODERATE
Rice,Punjab,7.09,1.87,20170.11,217087.94,13.26,267455.66,50367.72,129823.69,10.99,12,11473.43,18.83,2.58,MODERATE
Rice,Uttar Pradesh,5.21,1.7,22186.24,213100.76,8.86,196570.09,-16530.67,291793.82,7.9,12,25369.2,-8.41,999.0,RISKY
Wheat,Punjab,7.34,2.51,24170.65,147603.27,18.42,445223.37,297620.1,80063.12,9.13,6,13701.43,66.85,0.27,SAFE
Wheat,Punjab,7.98,3.14,19050.0,86966.02,25.06,477393.0,390426.98,231473.09,7.76,12,20109.8,81.78,0.59,SAFE
Wheat,Punjab,9.64,1.71,26974.3,110429.97,16.48,444536.46,334106.49,179286.22,8.59,6,30634.13,75.16,0.54,SAFE
Wheat,Haryana,7.0,3.14,20226.25,103436.05,21.98,444572.98,341136.93,184275.21,7.68,12,16002.56,76.73,0.54,SAFE
Rice,Uttar Pradesh,3.72,3.28,20877.87,193735.51,12.2,254710.01,60974.5,92118.99,7.2,9,10544.96,23.94,1.51,MODERATE
Rice,Madhya Pradesh,6.45,3.71,24741.7,199303.38,23.93,592068.88,392765.5,297068.77,11.12,6,51129.63,66.34,0.76,SAFE
Rice,Haryana,8.63,2.04,28152.52,105763.64,17.61,495765.88,390002.24,186474.41,11.56,6,32135.32,78.67,0.48,SAFE
Wheat,Punjab,9.68,2.55,26071.47,154458.55,24.68,643443.88,488985.33,263916.29,10.83,12,23304.44,76.0,0.54,SAFE
Wheat,Haryana,3.23,1.86,26483.83,119590.47,6.01,159167.82,39577.35,107160.23,10.93,12,9467.5,24.87,2.71,RISKY
Wheat,Bihar,4.15,3.6,25091.0,147147.55,14.94,374859.54,227711.99,60144.14,8.86,12,5255.79,60.75,0.26,SAFE
Rice,Punjab,6.09,1.63,22598.45,73901.96,9.93,224402.61,150500.65,59740.8,9.39,9,6900.27,67.07,0.4,SAFE
Rice,Haryana,2.06,3.1,20998.84,86212.35,6.39,134182.59,47970.24,284424.83,10.32,6,48841.18,35.75,5.93,RISKY
Wheat,Bihar,5.72,2.58,24906.05,144806.23,14.76,367613.3,222807.07,259984.67,8.3,9,29895.38,60.61,1.17,SAFE
Wheat,Bihar,6.25,1.61,23494.13,76822.78,10.06,236350.95,159528.17,93452.74,9.62,6,16015.39,67.5,0.59,SAFE
Rice,Uttar Pradesh,8.05,1.78,27467.68,215759.14,14.33,393611.85,177852.71,193595.49,7.47,6,32972.54,45.18,1.09,SAFE
Rice,Punjab,5.51,1.7,25753.32,223771.34,9.37,241308.61,17537.27,100501.35,11.58,9,11712.51,7.27,5.73,RISKY
Wheat,Haryana,5.97,3.62,18250.75,211321.45,21.61,394398.71,183077.26,148780.6,9.5,9,17192.42,46.42,0.81,SAFE
Wheat,Haryana,1.69,3.96,19787.4,106835.98,6.69,132377.71,25541.73,36551.86,11.58,9,4259.79,19.29,1.43,RISKY
Rice,Uttar Pradesh,4.13,1.72,26343.39,214706.41,7.1,187038.07,-27668.34,296622.15,7.18,9,33951.85,-14.79,999.0,RISKY
Rice,Punjab,8.82,3.56,22482.55,87291.44,31.4,705952.07,618660.63,88675.08,9.84,12,7789.35,87.63,0.14,SAFE
Rice,Haryana,8.62,2.43,28706.71,215847.04,20.95,601405.57,385558.53,188293.39,9.61,12,16519.85,64.11,0.49,SAFE
Rice,Bihar,2.08,1.64,21034.01,66190.06,3.41,71725.97,5535.91,233371.52,9.72,6,40005.35,7.72,42.16,RISKY
Wheat,Uttar Pradesh,1.07,1.53,26582.22,50820.49,1.64,43594.84,-7225.65,87943.76,7.02,12,7610.3,-16.57,999.0,RISKY
Rice,Madhya Pradesh,9.7,3.45,25146.46,99153.13,33.46,841400.55,742247.42,251965.12,7.23,6,42884.17,88.22,0.34,SAFE
Rice,Madhya Pradesh,9.6,1.74,20676.12,193482.98,16.7,345291.2,151808.22,106653.13,7.89,6,18186.81,43.97,0.7,SAFE
Rice,Bihar,8.91,1.78,23993.37,66225.3,15.86,380534.85,314309.55,83086.44,9.17,12,7272.58,82.6,0.26,SAFE
Rice,Uttar Pradesh,5.36,2.57,25433.63,124001.51,13.78,350475.42,226473.91,49112.14,10.77,6,8444.39,64.62,0.22,SAFE
Rice,Bihar,4.38,2.25,20119.58,242286.77,9.86,198379.06,-43907.71,108592.93,9.71,9,12559.29,-22.13,999.0,RISKY
Rice,Uttar Pradesh,1.45,1.67,18175.61,228496.44,2.42,43984.98,-184511.46,81592.54,10.55,6,14020.25,-419.49,999.0,RISKY
Rice,Haryana,9.05,2.74,22363.48,187516.45,24.8,554614.3,367097.85,147793.96,11.22,12,13077.45,66.19,0.4,SAFE
Rice,Punjab,8.22,3.84,27233.26,90056.94,31.56,859481.69,769424.75,212450.9,8.82,9,24481.63,89.52,0.28,SAFE
Wheat,Bihar,5.92,2.87,22108.68,117146.05,16.99,375626.47,258480.42,30879.03,8.08,9,3547.55,68.81,0.12,SAFE
Wheat,Uttar Pradesh,4.15,3.46,27549.9,56154.11,14.36,395616.56,339462.45,180059.7,7.13,6,30637.11,85.81,0.53,SAFE
Wheat,Punjab,2.52,1.53,26483.55,206533.28,3.86,102226.5,-104306.78,235420.87,9.43,9,27196.39,-102.03,999.0,RISKY
Wheat,Bihar,9.08,3.7,28621.87,121356.28,33.6,961694.83,840338.55,219506.84,8.45,9,25256.4,87.38,0.26,SAFE
Rice,Uttar Pradesh,7.6,3.61,21139.99,240254.84,27.44,580081.33,339826.49,32414.81,7.64,9,3717.27,58.58,0.1,SAFE
Rice,Madhya Pradesh,7.38,3.17,22318.29,189300.79,23.39,522024.8,332724.01,73588.56,8.62,9,8472.98,63.74,0.22,SAFE
Rice,Uttar Pradesh,2.73,2.08,25986.75,112441.9,5.68,147604.74,35162.84,163763.82,11.28,6,28198.94,23.82,4.66,RISKY
Wheat,Haryana,1.96,1.81,23032.65,172086.66,3.55,81765.91,-90320.75,50987.0,7.72,9,5849.01,-110.46,999.0,RISKY
Wheat,Bihar,9.26,3.99,23943.53,236896.81,36.95,884713.43,647816.62,38295.86,9.63,12,3360.23,73.22,0.06,SAFE
Wheat,Uttar Pradesh,6.19,2.74,28626.23,149776.44,16.96,485500.86,335724.42,156497.35,9.41,12,13715.7,69.15,0.47,SAFE
Wheat,Uttar Pradesh,8.86,1.93,26461.24,130894.99,17.1,452487.2,321592.21,144011.39,9.2,6,24650.05,71.07,0.45,SAFE
Wheat,Uttar Pradesh,5.09,2.65,29605.5,229821.58,13.49,399378.2,169556.62,116864.5,7.18,9,13376.5,42.46,0.69,SAFE
Wheat,Punjab,1.24,1.69,18190.33,139719.76,2.1,38199.69,-101520.07,205558.63,9.14,9,23718.46,-265.76,999.0,RISKY
Wheat,Punjab,6.2,2.05,28047.48,93733.47,12.71,356483.47,262750.0,255876.05,11.07,9,29758.09,73.71,0.97,SAFE
Wheat,Madhya Pradesh,2.46,2.16,25602.55,221923.24,5.31,135949.54,-85973.7,178378.74,10.77,6,30670.63,-63.24,999.0,RISKY
Wheat,Haryana,9.27,3.36,24073.21,92738.21,31.15,749880.49,657142.28,259330.01,9.65,6,44446.3,87.63,0.39,SAFE
Rice,Haryana,7.63,2.87,18768.57,183898.32,21.9,411031.68,227133.36,287727.19,10.51,9,33385.97,55.26,1.27,SAFE
Rice,Uttar Pradesh,8.33,3.02,24204.48,67135.34,25.16,608984.72,541849.38,269228.43,9.06,9,31054.86,88.98,0.5,SAFE
Wheat,Madhya Pradesh,9.49,3.72,25797.22,196084.88,35.3,910641.87,714556.99,105170.23,8.13,9,12084.99,78.47,0.15,SAFE
Wheat,Punjab,8.29,1.96,22119.41,162718.82,16.25,359440.41,196721.59,263250.95,7.46,6,44834.74,54.73,1.34,SAFE
Rice,Madhya Pradesh,1.19,2.38,25264.65,57788.55,2.83,71498.96,13710.41,209703.69,7.12,12,18156.58,19.18,15.3,RISKY
Rice,Madhya Pradesh,5.95,1.8,19832.22,189925.59,10.71,212403.08,22477.49,99310.31,8.16,6,16947.87,10.58,4.42,RISKY
Wheat,Madhya Pradesh,4.6,1.8,22443.29,102117.96,8.28,185830.44,83712.48,172774.2,8.19,12,15044.54,45.05,2.06,MODERATE
Rice,Haryana,8.09,1.64,26959.03,189365.29,13.27,357746.33,168381.04,243719.02,10.37,12,21468.74,47.07,1.45,SAFE
Rice,Punjab,2.98,2.89,19868.47,115289.17,8.61,171067.53,55778.36,229329.57,8.16,12,19965.99,32.61,4.11,RISKY
Wheat,Uttar Pradesh,9.08,3.16,28287.61,181592.08,28.69,811571.53,629979.45,220933.32,7.46,12,19163.52,77.62,0.35,SAFE
Wheat,Haryana,6.77,2.56,27170.05,67629.9,17.33,470856.97,403227.07,287471.6,9.62,6,49265.21,85.64,0.71,SAFE
Wheat,Madhya Pradesh,9.11,3.43,18098.72,160049.12,31.25,565585.0,405535.88,216010.7,11.19,12,19110.53,71.7,0.53,SAFE
Rice,Madhya Pradesh,3.12,3.88,23304.87,73745.45,12.11,282221.98,208476.53,212039.12,7.47,12,18393.03,73.87,1.02,SAFE
Wheat,Bihar,7.03,3.44,24435.6,129783.95,24.18,590852.81,461068.86,99626.48,7.81,6,16984.69,78.03,0.22,SAFE
Wheat,Punjab,5.43,2.68,27144.59,169696.07,14.55,394953.78,225257.71,101260.43,7.59,12,8789.3,57.03,0.45,SAFE
Wheat,Punjab,2.83,2.39,29627.86,238537.74,6.76,200284.33,-38253.41,239377.42,11.91,9,27934.77,-19.1,999.0,RISKY
Rice,Madhya Pradesh,7.9,3.67,26057.46,184394.36,28.99,755405.77,571011.41,139947.25,8.01,9,16073.27,75.59,0.25,SAFE
Rice,Haryana,9.44,3.97,20249.79,57925.52,37.48,758962.13,701036.61,193972.88,10.74,9,22528.48,92.37,0.28,SAFE
Wheat,Punjab,6.23,2.86,29753.01,212701.14,17.82,530198.64,317497.5,61350.83,10.14,6,10529.67,59.88,0.19,SAFE
Wheat,Haryana,1.37,1.5,28480.17,200837.65,2.06,58669.15,-142168.5,251243.61,10.41,12,22136.24,-242.32,999.0,RISKY
Wheat,Punjab,4.35,1.6,25269.86,184671.33,6.96,175878.23,-8793.1,247458.44,8.5,9,28478.34,-5.0,999.0,RISKY
Wheat,Madhya Pradesh,4.58,2.58,28135.53,67424.79,11.82,332561.96,265137.17,277987.64,7.27,12,24087.98,79.73,1.05,SAFE
Rice,Bihar,3.2,1.56,22887.64,219398.58,4.99,114209.32,-105189.26,123947.35,10.17,6,21274.97,-92.1,999.0,RISKY
Rice,Punjab,2.58,1.94,29509.93,165542.87,5.01,147844.75,-17698.12,228806.91,10.56,9,26554.67,-11.97,999.0,RISKY
Rice,Punjab,6.88,3.83,26604.99,124473.92,26.35,701041.49,576567.57,207313.01,7.46,12,17982.11,82.24,0.36,SAFE
Rice,Uttar Pradesh,1.6,1.67,29213.87,69174.39,2.67,78001.03,8826.64,220004.62,10.15,12,19357.25,11.32,24.93,RISKY
Wheat,Uttar Pradesh,9.62,1.95,26353.79,242567.52,18.76,494397.1,251829.58,143646.89,10.8,6,24700.93,50.94,0.57,SAFE
Wheat,Haryana,2.99,3.92,19086.64,213666.02,11.72,223695.42,10029.4,255663.14,9.85,9,29585.59,4.48,25.49,RISKY
Rice,Uttar Pradesh,9.98,3.48,18579.55,68183.14,34.73,645267.77,577084.63,262026.22,10.22,9,30367.81,89.43,0.45,SAFE
Wheat,Uttar Pradesh,6.41,2.11,27378.68,222011.88,13.53,370433.54,148421.66,230128.21,10.51,6,39538.98,40.07,1.55,SAFE
Rice,Bihar,6.37,1.73,27409.04,229509.54,11.02,302047.62,72538.08,143348.91,10.23,12,12617.99,24.02,1.98,MODERATE
Wheat,Haryana,1.35,2.0,23870.79,64091.81,2.7,64451.13,359.32,205470.09,11.53,12,18210.62,0.56,571.83,RISKY
Rice,Punjab,2.71,2.7,26038.86,179847.77,7.32,190604.46,10756.69,160908.08,10.92,9,18701.98,5.64,14.96,RISKY
Rice,Uttar Pradesh,9.93,2.86,24141.33,76176.64,28.4,685613.77,609437.13,289424.5,10.45,9,33574.69,88.89,0.47,SAFE
Rice,Madhya Pradesh,6.66,2.9,20482.65,138465.29,19.31,395519.97,257054.68,270340.14,7.05,12,23397.88,64.99,1.05,SAFE
Rice,Bihar,4.67,3.32,26710.15,184341.93,15.5,414007.33,229665.4,159603.03,7.06,6,27150.93,55.47,0.69,SAFE
Rice,Bihar,7.96,2.3,18687.78,126428.95,18.31,342173.25,215744.3,73381.06,11.06,6,12627.72,63.05,0.34,SAFE
Wheat,Bihar,9.13,2.8,26452.02,210911.2,25.56,676113.63,465202.43,155752.89,10.43,12,13724.32,68.81,0.33,SAFE
Rice,Haryana,8.86,2.25,29258.39,237177.92,19.93,583119.71,345941.79,152208.91,11.99,12,13522.87,59.33,0.44,SAFE
Wheat,Bihar,4.23,3.7,20807.71,228564.58,15.65,325640.66,97076.08,225097.31,8.34,12,19616.27,29.81,2.32,MODERATE
Wheat,Uttar Pradesh,9.55,3.82,25570.27,70882.94,36.48,932803.45,861920.51,97663.57,8.56,6,16686.06,92.4,0.11,SAFE
Rice,Bihar,2.47,2.48,19165.17,86723.98,6.13,117482.49,30758.51,285423.29,9.37,9,32964.69,26.18,9.28,RISKY
Rice,Haryana,8.79,3.12,24321.95,96643.78,27.42,666907.87,570264.09,116958.74,8.75,12,10214.66,85.51,0.21,SAFE
Rice,Haryana,5.41,1.7,21386.86,69683.65,9.2,196759.11,127075.46,235929.7,8.74,9,27178.29,64.58,1.86,SAFE
Wheat,Haryana,3.91,3.27,19570.6,219172.93,12.79,250307.97,31135.04,161753.42,11.57,12,14339.08,12.44,5.2,RISKY
Rice,Haryana,6.16,3.71,19221.87,133998.26,22.85,439219.73,305221.47,293877.11,11.39,12,26026.84,69.49,0.96,SAFE
Wheat,Uttar Pradesh,8.15,3.55,26176.66,161159.52,28.93,757290.77,596131.25,42173.66,8.18,12,3672.13,78.72,0.07,SAFE
Wheat,Punjab,8.06,2.3,24523.36,63562.3,18.54,454663.09,391100.79,243225.72,7.14,6,41385.99,86.02,0.62,SAFE
Rice,Punjab,4.8,3.71,19723.03,96411.1,17.81,351267.16,254856.06,109032.92,7.58,9,12500.61,72.55,0.43,SAFE
Rice,Punjab,1.73,3.72,20517.68,235509.57,6.44,132133.86,-103375.71,131974.66,7.98,12,11479.05,-78.24,999.0,RISKY
Wheat,Haryana,6.62,3.62,18410.7,236836.14,23.96,441120.37,204284.23,53240.73,10.9,6,9157.68,46.31,0.26,SAFE
Rice,Haryana,8.45,1.87,21625.06,208862.77,15.8,341675.95,132813.18,202362.21,7.07,12,17516.27,38.87,1.52,SAFE
Wheat,Bihar,3.97,2.33,26394.4,53563.32,9.25,244148.2,190584.88,251586.58,8.44,12,21936.34,78.06,1.32,SAFE
Rice,Punjab,8.42,1.68,20539.22,53411.61,14.15,290629.96,237218.35,69112.39,8.54,12,6029.25,81.62,0.29,SAFE
Wheat,Uttar Pradesh,3.28,1.84,26684.55,140582.01,6.04,161174.68,20592.67,292072.21,8.75,9,33647.09,12.78,14.18,RISKY
Rice,Madhya Pradesh,7.79,2.25,26875.76,96202.75,17.53,471132.07,374929.32,124417.2,9.63,6,21322.51,79.58,0.33,SAFE
Wheat,Madhya Pradesh,9.58,2.25,22936.02,178119.14,21.55,494271.23,316152.09,147167.31,8.75,9,16953.86,63.96,0.47,SAFE
Rice,Punjab,2.75,1.86,21444.26,125716.73,5.12,109794.61,-15922.12,186768.32,7.99,12,16245.82,-14.5,999.0,RISKY
Rice,Haryana,2.89,2.86,27995.49,213104.83,8.27,231522.7,18417.87,116226.51,7.9,9,13342.86,7.96,6.31,RISKY
Rice,Haryana,5.72,1.9,29410.3,179984.15,10.87,319689.96,139705.81,198649.97,10.86,6,34164.91,43.7,1.42,SAFE
Wheat,Haryana,9.72,3.82,22308.41,223916.58,37.13,828311.26,604394.68,56562.99,9.53,12,4960.43,72.97,0.09,SAFE
Wheat,Punjab,4.65,2.74,27819.1,243861.68,12.74,354415.33,110553.65,192216.36,9.43,6,32922.93,31.19,1.74,MODERATE
Rice,Bihar,6.17,3.28,24736.44,129174.36,20.24,500665.55,371491.19,52326.51,7.03,12,4528.37,74.2,0.14,SAFE
Rice,Bihar,5.27,3.74,18187.31,82247.46,19.71,358471.88,276224.42,147658.65,7.15,12,12786.64,77.06,0.53,SAFE
Rice,Haryana,2.32,1.72,21623.53,204531.78,3.99,86277.88,-118253.9,181358.58,10.46,6,31155.26,-137.06,999.0,RISKY
Rice,Bihar,6.5,2.04,28850.43,67109.86,13.26,382556.7,315446.84,269356.09,8.86,9,31044.15,82.46,0.85,SAFE
Wheat,Bihar,2.65,2.0,18602.22,232695.08,5.3,98591.77,-134103.31,153801.29,11.21,6,26478.15,-136.02,999.0,RISKY
Rice,Madhya Pradesh,9.49,2.87,22165.69,152127.6,27.24,603793.4,451665.8,164872.39,7.5,6,28082.95,74.8,0.37,SAFE
Wheat,Punjab,4.92,1.76,27853.46,168712.22,8.66,241210.96,72498.74,51554.4,7.31,6,8776.52,30.06,0.71,MODERATE
Wheat,Madhya Pradesh,6.91,3.7,23093.75,113478.93,25.57,590507.19,477028.26,137457.97,8.4,6,23474.21,80.78,0.29,SAFE
Rice,Haryana,4.91,2.87,28647.4,154204.92,14.09,403641.87,249436.95,189710.63,11.09,6,32649.0,61.8,0.76,SAFE
Rice,Punjab,7.99,3.91,22249.44,51711.19,31.24,695072.51,643361.32,257147.31,10.86,12,22710.32,92.56,0.4,SAFE
Rice,Bihar,4.84,2.29,22927.77,60073.52,11.08,254039.69,193966.17,225938.94,10.17,9,26180.09,76.35,1.16,SAFE
Wheat,Madhya Pradesh,5.17,2.01,21622.81,234803.4,10.39,224661.0,-10142.4,78837.02,8.12,9,9058.7,-4.51,999.0,RISKY
Rice,Punjab,4.8,1.98,22421.68,130660.27,9.5,213005.96,82345.69,46821.05,9.4,12,4103.26,38.66,0.57,MODERATE
Rice,Madhya Pradesh,5.79,1.83,26595.89,240602.28,10.6,281916.43,41314.15,50848.02,11.37,9,5920.8,14.65,1.23,RISKY
Rice,Haryana,4.76,2.81,21406.84,94523.6,13.38,286423.52,191899.92,222511.04,7.02,9,25452.23,67.0,1.16,SAFE
Wheat,Uttar Pradesh,2.5,2.92,22729.04,224162.22,7.3,165921.99,-58240.23,214407.56,8.33,6,36607.8,-35.1,999.0,RISKY
Wheat,Haryana,8.79,3.94,20367.64,90057.81,34.63,705331.37,615273.56,247647.08,10.17,6,42507.43,87.23,0.4,SAFE
Wheat,Haryana,4.53,3.94,21986.05,134005.03,17.85,392450.99,258445.96,291475.01,7.0,6,49575.8,65.85,1.13,SAFE
Wheat,Haryana,5.84,2.17,18212.58,175889.1,12.67,230753.39,54864.29,152455.78,8.23,12,13278.11,23.78,2.78,MODERATE
Wheat,Haryana,8.01,3.0,28783.15,62594.47,24.03,691659.09,629064.62,127495.83,7.65,9,14621.58,90.95,0.2,SAFE
Rice,Madhya Pradesh,3.08,2.89,21449.79,178994.69,8.9,190903.13,11908.44,140375.85,9.79,9,16240.45,6.24,11.79,RISKY
Wheat,Uttar Pradesh,7.69,3.38,22414.57,236285.14,25.99,582554.67,346269.53,63035.42,9.39,12,5523.95,59.44,0.18,SAFE
Wheat,Madhya Pradesh,3.63,1.66,20203.61,217429.96,6.03,121827.77,-95602.19,268362.99,7.37,9,30741.25,-78.47,999.0,RISKY
Wheat,Haryana,5.99,2.54,19548.31,230937.85,15.21,297329.8,66391.95,121503.99,8.82,9,14001.43,22.33,1.83,MODERATE
Wheat,Uttar Pradesh,9.14,3.05,28396.38,125396.86,27.88,791691.07,666294.21,106177.96,7.57,12,9215.16,84.16,0.16,SAFE
Rice,Bihar,9.8,2.14,29545.49,240752.44,20.97,619568.93,378816.49,163162.63,11.43,6,28107.51,61.14,0.43,SAFE
Wheat,Haryana,6.82,3.02,18823.28,110016.98,20.6,387759.57,277742.59,89825.23,11.66,9,10471.72,71.63,0.32,SAFE
Rice,Punjab,7.07,1.57,27442.15,180724.86,11.1,304607.86,123883.0,152138.48,10.81,9,17674.78,40.67,1.23,SAFE
Rice,Uttar Pradesh,6.7,2.82,19908.12,144402.26,18.89,376064.39,231662.13,138489.23,9.44,12,12139.36,61.6,0.6,SAFE
Rice,Punjab,3.5,3.94,20696.14,232830.97,13.79,285399.77,52568.8,115707.72,9.74,12,10158.56,18.42,2.2,MODERATE
Wheat,Bihar,6.62,3.88,29876.53,154767.64,25.69,767528.06,612760.42,118624.79,8.51,9,13652.3,79.84,0.19,SAFE
Rice,Punjab,5.13,3.91,22034.8,198752.48,20.06,442018.09,243265.61,191057.34,9.16,6,32699.02,55.04,0.79,SAFE
Wheat,Bihar,4.37,2.63,22788.03,164093.52,11.49,261834.46,97740.94,57330.85,8.62,12,5003.57,37.33,0.59,MODERATE
Rice,Madhya Pradesh,2.1,3.99,29429.84,117720.4,8.38,246622.06,128901.66,164257.12,11.09,6,28268.48,52.27,1.27,SAFE
Rice,Uttar Pradesh,2.07,3.25,18999.93,169488.26,6.73,127869.53,-41618.73,51739.1,11.31,6,8909.86,-32.55,999.0,RISKY
Rice,Bihar,4.94,2.07,26528.47,139521.86,10.23,271386.25,131864.39,101227.72,9.85,12,8892.46,48.59,0.77,SAFE
Wheat,Bihar,6.76,2.71,20556.17,200661.05,18.32,376589.03,175927.98,188760.3,7.63,9,21645.78,46.72,1.07,SAFE
Rice,Uttar Pradesh,3.84,3.63,25779.17,204369.83,13.94,359361.63,154991.8,73987.81,10.29,9,8577.35,43.13,0.48,SAFE
Rice,Madhya Pradesh,5.45,2.13,22358.08,214698.12,11.61,259577.31,44879.19,55436.24,10.47,6,9523.56,17.29,1.24,RISKY
Rice,Haryana,3.2,2.33,20638.03,132532.86,7.46,153959.7,21426.84,227516.83,9.37,6,38962.5,13.92,10.62,RISKY
Rice,Bihar,5.03,2.28,25072.03,204519.59,11.47,287576.18,83056.59,178647.27,7.13,6,30396.79,28.88,2.15,MODERATE
Rice,Punjab,6.24,2.32,19954.05,111612.71,14.48,288934.64,177321.93,91368.84,11.64,12,8102.63,61.37,0.52,SAFE
Wheat,Punjab,1.63,3.43,28485.62,241455.25,5.59,159234.62,-82220.63,217075.97,9.07,6,37142.43,-51.63,999.0,RISKY
Wheat,Madhya Pradesh,2.0,4.0,28553.83,162084.14,8.0,228430.64,66346.5,200146.43,8.78,6,34217.16,29.04,3.02,MODERATE
Wheat,Uttar Pradesh,7.38,3.66,19942.33,160340.74,27.01,538642.33,378301.59,58459.76,7.51,9,6700.48,70.23,0.15,SAFE
Wheat,Bihar,4.62,2.47,21500.57,224830.67,11.41,245321.5,20490.83,185093.28,10.92,9,21512.97,8.35,9.03,RISKY
Wheat,Haryana,5.31,3.5,23475.01,155441.94,18.58,436165.69,280723.75,120416.66,9.8,12,10575.34,64.36,0.43,SAFE
Rice,Bihar,1.73,3.4,29584.25,96593.65,5.88,173955.39,77361.74,71443.89,11.61,9,8327.15,44.47,0.92,MODERATE
Wheat,Bihar,9.16,2.07,19985.26,54064.37,18.96,378920.53,324856.16,34156.27,8.19,6,5829.47,85.73,0.11,SAFE
Wheat,Uttar Pradesh,4.87,3.57,27930.83,239795.89,17.39,485717.13,245921.24,62335.04,8.47,6,10647.33,50.63,0.25,SAFE
Wheat,Uttar Pradesh,8.45,2.98,19303.51,105342.9,25.18,486062.38,380719.48,155310.4,7.72,6,26471.03,78.33,0.41,SAFE
Rice,Punjab,1.14,3.93,24653.15,129265.61,4.48,110446.11,-18819.5,182725.93,11.41,9,21280.29,-17.04,999.0,RISKY
Wheat,Haryana,9.57,3.71,24627.47,84124.34,35.5,874275.19,790150.85,248673.72,11.14,12,21994.44,90.38,0.31,SAFE
Wheat,Bihar,9.39,3.4,23439.29,118123.46,31.93,748416.53,630293.07,182938.63,11.9,6,31556.72,84.22,0.29,SAFE
Wheat,Bihar,1.08,3.76,28436.86,198802.98,4.06,115453.65,-83349.33,68245.18,8.08,6,11643.75,-72.19,999.0,RISKY
Rice,Punjab,4.75,3.21,24682.83,159946.58,15.25,376413.16,216466.58,230981.41,9.21,12,20222.17,57.51,1.07,SAFE
Wheat,Madhya Pradesh,3.67,2.41,26633.0,224035.87,8.84,235435.72,11399.85,82860.73,7.99,9,9515.97,4.84,7.27,RISKY
Wheat,Madhya Pradesh,1.42,1.66,29363.14,174377.74,2.36,69297.01,-105080.73,108900.73,8.86,12,9516.46,-151.64,999.0,RISKY
Wheat,Haryana,5.46,3.87,21868.26,242486.73,21.13,462076.33,219589.6,196496.4,8.22,12,17112.91,47.52,0.89,SAFE
Rice,Bihar,8.98,3.76,28779.63,82521.73,33.76,971600.31,889078.58,281516.78,11.44,12,24938.74,91.51,0.32,SAFE
Wheat,Madhya Pradesh,5.65,1.98,29751.66,58650.91,11.19,332921.08,274270.17,151353.62,9.41,6,25922.45,82.38,0.55,SAFE
Wheat,Bihar,4.62,3.94,19787.35,211913.26,18.2,360129.77,148216.51,148808.78,11.51,6,25640.69,41.16,1.0,SAFE
Rice,Madhya Pradesh,6.32,3.17,28581.99,187262.9,20.03,572497.26,385234.36,229000.43,7.05,12,19819.94,67.29,0.59,SAFE
Rice,Punjab,7.39,2.9,22477.8,212057.16,21.43,481699.25,269642.09,261471.84,7.7,12,22708.77,55.98,0.97,SAFE
Rice,Uttar Pradesh,5.18,2.62,22949.11,51987.23,13.57,311419.42,259432.19,51079.22,11.99,9,5962.76,83.31,0.2,SAFE
Wheat,Madhya Pradesh,9.26,2.48,29261.27,132260.78,22.96,671838.76,539577.98,100558.31,8.45,9,11570.21,80.31,0.19,SAFE
Wheat,Haryana,5.54,2.2,21553.84,154462.35,12.19,262741.31,108278.96,202007.37,7.39,9,23142.05,41.21,1.87,MODERATE
Wheat,Punjab,5.99,2.22,20494.6,179892.65,13.3,272578.18,92685.53,219987.62,8.45,12,19182.18,34.0,2.37,MODERATE
Wheat,Bihar,2.68,2.94,27756.96,81440.67,7.88,218724.84,137284.17,141422.18,9.78,12,12418.79,62.77,1.03,SAFE
Rice,Haryana,5.37,3.18,26608.52,201625.08,17.08,454473.52,252848.44,40335.2,7.88,9,4630.12,55.64,0.16,SAFE
Wheat,Punjab,8.81,2.99,19096.17,55308.66,26.34,502993.12,447684.46,248142.52,9.34,12,21739.57,89.0,0.55,SAFE
Wheat,Haryana,8.56,2.97,26785.48,63590.3,25.42,680886.9,617296.6,225857.37,9.13,6,38651.63,90.66,0.37,SAFE
Wheat,Uttar Pradesh,6.44,1.58,21857.06,186754.66,10.18,222504.87,35750.21,46497.0,8.92,12,4064.51,16.07,1.3,RISKY
Wheat,Haryana,6.52,1.99,19415.0,242062.2,12.97,251812.55,9750.35,200756.56,10.6,6,34501.46,3.87,20.59,RISKY
Rice,Uttar Pradesh,2.86,2.25,27839.34,232913.13,6.43,179006.96,-53906.17,122090.48,7.55,6,20798.84,-30.11,999.0,RISKY
Wheat,Haryana,2.79,1.59,20315.6,86563.12,4.44,90201.26,3638.14,43845.54,10.43,12,3863.49,4.03,12.05,RISKY
Wheat,Haryana,8.03,2.61,23947.82,129493.4,20.96,501946.31,372452.91,123985.56,7.79,9,14227.18,74.2,0.33,SAFE
Wheat,Madhya Pradesh,8.02,2.8,20306.38,227672.8,22.46,456081.29,228408.49,144000.29,11.87,6,24837.77,50.08,0.63,SAFE
Wheat,Haryana,4.83,3.75,26717.33,142026.44,18.11,483850.85,341824.41,143925.28,10.91,9,16727.43,70.65,0.42,SAFE
Rice,Uttar Pradesh,2.55,3.06,19249.42,106253.01,7.8,150145.48,43892.47,205240.08,9.85,6,35196.1,29.23,4.68,RISKY
Rice,Haryana,9.3,3.36,27396.5,81482.1,31.25,856140.62,774658.52,70232.53,7.64,6,11967.64,90.48,0.09,SAFE
Wheat,Bihar,8.52,3.05,23015.15,162140.68,25.99,598163.75,436023.07,117659.8,11.57,6,20277.01,72.89,0.27,SAFE
Wheat,Uttar Pradesh,7.59,1.89,26274.86,86222.73,14.35,377044.24,290821.51,290619.21,8.11,9,33391.99,77.13,1.0,SAFE
Wheat,Haryana,2.13,2.48,23762.54,77592.43,5.28,125466.21,47873.78,110747.67,9.74,12,9723.09,38.16,2.31,RISKY
Rice,Haryana,3.09,1.65,28564.74,195298.9,5.1,145680.17,-49618.73,49645.09,11.88,6,8563.24,-34.06,999.0,RISKY
Wheat,Uttar Pradesh,1.96,3.35,21999.06,146607.23,6.57,144533.82,-2073.41,285157.1,8.25,6,48676.31,-1.43,999.0,RISKY
Rice,Madhya Pradesh,4.7,1.64,26882.34,148683.06,7.71,207262.84,58579.78,115194.63,9.78,12,10115.66,28.26,1.97,MODERATE
Wheat,Madhya Pradesh,8.35,2.31,29687.63,174363.82,19.29,572674.38,398310.56,103182.43,11.87,6,17797.33,69.55,0.26,SAFE
Wheat,Madhya Pradesh,9.22,3.82,25009.62,114482.31,35.22,880838.82,766356.51,48145.5,10.2,6,8264.66,87.0,0.06,SAFE
Rice,Madhya Pradesh,4.12,1.91,28693.21,153586.79,7.87,225815.56,72228.77,38180.13,11.4,6,6576.6,31.99,0.53,MODERATE
Wheat,Bihar,1.51,2.58,20135.27,124079.24,3.9,78527.55,-45551.69,193488.79,10.93,12,17094.54,-58.01,999.0,RISKY
Wheat,Punjab,9.44,2.03,27350.44,90558.14,19.16,524034.43,433476.29,229195.11,11.75,12,20336.91,82.72,0.53,SAFE
Wheat,Bihar,4.25,1.97,21799.75,104802.12,8.37,182463.91,77661.79,136437.12,7.04,12,11807.98,42.56,1.76,MODERATE
Wheat,Madhya Pradesh,3.61,1.89,19234.1,179099.56,6.82,131176.56,-47923.0,240379.15,11.43,9,27996.88,-36.53,999.0,RISKY
Rice,Madhya Pradesh,3.31,1.79,23284.06,106043.45,5.92,137841.64,31798.19,201689.1,7.02,9,23070.49,23.07,6.34,RISKY
Wheat,Punjab,4.79,3.96,26815.12,50247.2,18.97,508682.83,458435.63,297753.25,11.2,9,34646.72,90.12,0.65,SAFE
Wheat,Uttar Pradesh,2.54,3.8,19228.06,239456.57,9.65,185550.78,-53905.79,184868.67,7.31,12,16022.52,-29.05,999.0,RISKY
Rice,Madhya Pradesh,9.22,2.47,29579.4,117565.38,22.77,673522.94,555957.56,127168.7,7.86,9,14596.64,82.54,0.23,SAFE
Rice,Haryana,8.12,3.46,23882.93,101314.51,28.1,671110.33,569795.82,234217.53,11.03,6,40301.66,84.9,0.41,SAFE
Wheat,Uttar Pradesh,1.15,3.56,21250.76,83499.92,4.09,86915.61,3415.69,55367.77,8.27,12,4823.27,3.93,16.21,RISKY
Wheat,Punjab,6.02,3.72,29025.73,146117.07,22.39,649886.09,503769.02,136707.26,11.56,12,12118.15,77.52,0.27,SAFE
Rice,Punjab,1.8,2.55,25582.73,154100.88,4.59,117424.73,-36676.15,163959.66,8.9,12,14330.91,-31.23,999.0,RISKY
Wheat,Haryana,3.52,3.28,21268.91,111445.91,11.55,245655.91,134210.0,81629.18,9.51,9,9433.09,54.63,0.61,SAFE
Wheat,Bihar,7.0,3.53,18559.84,165806.37,24.71,458613.65,292807.28,162666.54,10.02,6,27908.9,63.85,0.56,SAFE
Rice,Punjab,9.98,1.93,19067.48,173079.78,19.26,367239.66,194159.88,120586.64,7.07,6,20514.23,52.87,0.62,SAFE
Wheat,Madhya Pradesh,2.09,2.06,21382.11,148016.93,4.31,92156.89,-55860.04,57208.4,7.56,9,6558.39,-60.61,999.0,RISKY
Wheat,Bihar,5.18,1.82,19766.77,85165.27,9.43,186400.64,101235.37,47544.08,10.46,9,5515.58,54.31,0.47,MODERATE
Rice,Uttar Pradesh,3.09,1.98,29567.16,175904.6,6.12,180951.02,5046.42,39342.11,7.81,6,6707.19,2.79,7.8,RISKY
Rice,Haryana,7.41,1.8,19636.07,222664.75,13.34,261945.17,39280.42,34490.53,8.63,6,5893.98,15.0,0.88,RISKY
Wheat,Madhya Pradesh,8.75,1.72,21116.74,168101.33,15.05,317806.94,149705.61,47009.35,8.35,6,8026.81,47.11,0.31,SAFE
Rice,Bihar,9.95,3.25,29999.74,233601.89,32.34,970191.59,736589.7,171115.39,8.35,9,19680.42,75.92,0.23,SAFE
Wheat,Bihar,3.06,2.35,23954.83,67338.96,7.19,172235.23,104896.27,120406.64,7.11,9,13777.98,60.9,1.15,MODERATE
Rice,Madhya Pradesh,2.47,3.42,27249.93,114241.03,8.45,230261.91,116020.88,72437.9,10.46,6,12443.97,50.39,0.62,MODERATE
Rice,Haryana,9.53,3.81,29866.91,140235.71,36.31,1084467.5,944231.79,262290.15,9.88,6,44983.35,87.07,0.28,SAFE
Wheat,Bihar,8.25,1.93,26358.64,177871.17,15.92,419629.55,241758.38,148914.87,8.81,9,17159.4,57.61,0.62,SAFE
Rice,Bihar,9.37,2.88,24280.07,154219.79,26.99,655319.09,501099.3,233303.83,10.82,6,40120.26,76.47,0.47,SAFE
Rice,Punjab,6.55,3.56,20342.16,85303.2,23.32,474379.17,389075.97,131842.49,10.62,6,22659.38,82.02,0.34,SAFE
Rice,Madhya Pradesh,7.42,3.74,21107.16,213976.21,27.75,585723.69,371747.48,157046.18,10.26,9,18204.01,63.47,0.42,SAFE
Wheat,Haryana,3.0,1.84,24009.77,127129.27,5.52,132533.93,5404.66,138737.94,11.16,12,12272.25,4.08,25.67,RISKY
Rice,Uttar Pradesh,5.2,1.71,23792.77,202137.88,8.89,211517.73,9379.85,259335.83,11.71,6,44710.82,4.43,27.65,RISKY
Rice,Haryana,9.19,3.31,29762.48,125609.14,30.42,905374.64,779765.5,73897.69,11.85,12,6560.54,86.13,0.09,SAFE
Rice,Punjab,8.49,2.79,23761.85,58692.76,23.69,562918.23,504225.47,209693.72,7.85,6,35753.49,89.57,0.42,SAFE
Rice,Madhya Pradesh,3.6,1.92,22401.68,237531.11,6.91,154795.61,-82735.5,226833.43,10.26,9,26293.4,-53.45,999.0,RISKY
Rice,Haryana,2.18,1.81,28639.52,118517.15,3.95,113126.1,-5391.05,163350.16,10.71,9,18969.56,-4.77,999.0,RISKY
Wheat,Uttar Pradesh,9.13,2.04,21040.76,155524.69,18.63,391989.36,236464.67,130709.26,7.12,9,14957.51,60.32,0.55,SAFE
Wheat,Haryana,5.79,3.08,29693.49,200388.35,17.83,529434.93,329046.58,123981.01,11.17,9,14424.73,62.15,0.38,SAFE
Wheat,Haryana,3.65,3.57,21015.01,235208.55,13.03,273825.58,38617.03,110840.4,11.42,9,12909.02,14.1,2.87,RISKY
Wheat,Madhya Pradesh,9.29,2.48,21512.35,229183.31,23.04,495644.54,266461.23,73300.83,11.44,12,6493.5,53.76,0.28,SAFE
Wheat,Uttar Pradesh,5.18,1.51,24120.27,177859.37,7.82,188620.51,10761.14,192145.11,7.79,12,16695.75,5.71,17.86,RISKY
Wheat,Uttar Pradesh,6.45,3.74,19882.85,96566.62,24.12,479574.34,383007.72,203849.52,7.8,6,34752.02,79.86,0.53,SAFE
Wheat,Punjab,2.83,2.96,21415.26,227028.92,8.38,179459.88,-47569.04,40131.6,11.59,6,6916.51,-26.51,999.0,RISKY
Wheat,Haryana,8.61,2.1,28482.42,220048.04,18.08,514962.15,294914.11,249338.42,10.75,6,42869.05,57.27,0.85,SAFE
Rice,Madhya Pradesh,7.71,2.03,21836.94,205807.04,15.65,341748.11,135941.07,73073.54,10.25,6,12545.6,39.78,0.54,SAFE
Wheat,Haryana,4.55,3.24,28786.56,161808.74,14.74,424313.89,262505.15,211187.85,7.09,6,35929.41,61.87,0.8,SAFE
Rice,Uttar Pradesh,3.73,2.39,20918.05,203844.16,8.91,186379.83,-17464.33,43413.12,8.58,6,7417.66,-9.37,999.0,RISKY
Wheat,Madhya Pradesh,3.83,2.64,19119.24,107667.02,10.11,193295.52,85628.5,31401.59,9.24,12,2749.61,44.3,0.37,MODERATE
Rice,Uttar Pradesh,2.44,2.58,22786.75,216070.15,6.3,143556.52,-72513.63,104411.4,9.12,12,9136.74,-50.51,999.0,RISKY
Rice,Madhya Pradesh,1.99,1.98,22603.05,153628.66,3.94,89056.02,-64572.64,52286.73,7.93,6,8917.12,-72.51,999.0,RISKY
Rice,Madhya Pradesh,1.78,3.99,19387.98,209871.62,7.1,137654.66,-72216.96,266911.39,10.52,12,23530.35,-52.46,999.0,RISKY
Rice,Uttar Pradesh,2.68,2.54,20071.8,130042.29,6.81,136688.96,6646.67,32945.44,8.21,9,3786.97,4.86,4.96,RISKY
Wheat,Bihar,5.72,2.06,21393.54,128523.79,11.78,252015.9,123492.11,156677.52,9.58,9,18110.87,49.0,1.27,SAFE
Wheat,Haryana,5.2,3.42,21079.13,197877.81,17.78,374786.93,176909.12,37809.45,8.85,6,6465.23,47.2,0.21,SAFE
Wheat,Madhya Pradesh,4.35,1.67,19929.76,101700.63,7.26,144690.06,42989.43,196812.44,10.66,9,22850.81,29.71,4.58,RISKY
Wheat,Punjab,9.87,1.7,20909.44,73348.66,16.78,350860.4,277511.74,255512.21,9.74,6,43803.3,79.09,0.92,SAFE
Rice,Punjab,3.98,3.54,24793.21,122300.64,14.09,349336.33,227035.69,252851.83,7.68,12,21957.79,64.99,1.11,SAFE
Wheat,Haryana,1.46,2.8,29327.7,199613.18,4.09,119950.29,-79662.89,81132.28,11.58,9,9455.23,-66.41,999.0,RISKY
Rice,Haryana,5.53,2.95,25168.11,228614.28,16.31,410491.87,181877.59,91472.44,10.25,12,8052.52,44.31,0.5,SAFE
Wheat,Punjab,7.5,2.93,26832.81,57903.65,21.98,589785.16,531881.51,275665.85,10.61,12,24313.69,90.18,0.52,SAFE
Wheat,Haryana,3.39,1.67,18803.46,231860.01,5.66,106427.58,-125432.43,138654.0,11.06,6,23860.16,-117.86,999.0,RISKY
Rice,Madhya Pradesh,3.48,2.17,19799.37,244380.28,7.55,149485.24,-94895.04,231498.65,9.57,12,20306.14,-63.48,999.0,RISKY
Wheat,Bihar,6.62,2.26,18343.0,151122.57,14.96,274411.28,123288.71,39447.88,7.88,9,4528.27,44.93,0.32,SAFE
Wheat,Madhya Pradesh,6.69,2.02,29260.46,208797.21,13.51,395308.81,186511.6,148737.98,11.01,6,25591.78,47.18,0.8,SAFE
Wheat,Punjab,8.16,2.56,20692.74,136802.87,20.89,432271.34,295468.47,254151.78,11.35,6,43771.88,68.35,0.86,SAFE
Wheat,Madhya Pradesh,5.24,3.53,23952.67,70772.02,18.5,443124.39,372352.37,274687.12,10.05,6,47132.47,84.03,0.74,SAFE
Rice,Bihar,7.98,3.85,29973.09,216176.89,30.72,920773.32,704596.43,115561.16,9.8,12,10148.92,76.52,0.16,SAFE
Rice,Uttar Pradesh,2.94,2.65,27028.88,219455.38,7.79,210554.98,-8900.4,46840.18,9.78,6,8030.89,-4.23,999.0,RISKY
Rice,Bihar,2.24,3.24,27779.76,66969.9,7.26,201681.06,134711.16,231078.91,8.06,12,20107.6,66.79,1.72,SAFE
Rice,Bihar,9.03,2.64,24457.67,72131.3,23.84,583070.85,510939.55,141985.42,11.4,9,16534.97,87.63,0.28,SAFE
Rice,Haryana,6.71,1.94,22889.59,168559.24,13.02,298022.46,129463.22,106011.58,10.9,6,18234.54,43.44,0.82,SAFE
Rice,Haryana,2.16,3.93,26320.11,68979.06,8.49,223457.73,154478.67,299581.5,7.44,6,51019.32,69.13,1.94,SAFE
Wheat,Punjab,2.7,3.24,28353.24,170474.0,8.75,248090.85,77616.85,167626.25,8.22,6,28611.33,31.29,2.16,MODERATE
Rice,Bihar,4.43,1.95,22795.17,196579.92,8.64,196950.27,370.35,214462.8,11.0,6,36899.3,0.19,579.08,RISKY
Rice,Uttar Pradesh,7.31,2.94,21922.57,132449.53,21.49,471116.03,338666.5,221841.4,8.43,6,37887.96,71.89,0.66,SAFE
Wheat,Bihar,5.71,3.06,25900.88,186955.24,17.47,452488.37,265533.13,111494.4,9.3,6,19089.69,58.68,0.42,SAFE
Wheat,Madhya Pradesh,9.46,3.63,21756.6,163765.1,34.34,747121.64,583356.54,124354.17,7.24,6,21165.55,78.08,0.21,SAFE
Rice,Punjab,5.71,2.53,25715.13,90529.97,14.45,371583.63,281053.66,40376.98,9.83,6,6923.75,75.64,0.14,SAFE
Rice,Bihar,1.87,3.82,26797.38,227015.33,7.14,191333.29,-35682.04,70997.91,8.86,12,6204.26,-18.65,999.0,RISKY
Rice,Uttar Pradesh,5.41,3.04,21469.23,66613.16,16.45,353168.83,286555.67,177120.52,7.7,6,30186.59,81.14,0.62,SAFE
Rice,Haryana,7.27,1.77,29429.5,188464.9,12.87,378757.66,190292.76,151812.8,11.49,6,26156.8,50.24,0.8,SAFE
Rice,Madhya Pradesh,6.5,3.44,24336.64,201276.62,22.36,544167.27,342890.65,199844.35,10.06,6,34291.48,63.01,0.58,SAFE
Rice,Punjab,5.18,2.0,18276.18,100260.02,10.36,189341.22,89081.2,292746.61,9.91,6,50211.03,47.05,3.29,MODERATE
Wheat,Madhya Pradesh,1.37,2.92,26856.93,236366.48,4.0,107427.72,-128938.76,211257.62,11.81,6,36432.33,-120.02,999.0,RISKY
Wheat,Haryana,4.53,2.69,24196.23,159128.36,12.19,294952.04,135823.68,190569.96,10.78,9,22136.87,46.05,1.4,SAFE
Rice,Bihar,7.19,1.71,25467.47,139724.42,12.29,312995.21,173270.79,187979.02,9.19,6,32174.95,55.36,1.08,SAFE
Wheat,Punjab,2.04,2.79,20544.22,66094.88,5.69,116896.61,50801.73,148093.81,9.67,6,25383.1,43.46,2.92,MODERATE
Rice,Uttar Pradesh,2.85,2.17,24507.52,231885.64,6.18,151456.47,-80429.17,129353.59,9.25,12,11327.16,-53.1,999.0,RISKY
Rice,Uttar Pradesh,6.19,1.81,20319.58,137970.26,11.2,227579.3,89609.04,32329.01,10.03,12,2842.68,39.37,0.36,MODERATE
Wheat,Haryana,2.7,2.4,21126.93,100295.01,6.48,136902.51,36607.5,235256.12,10.42,9,27287.54,26.74,6.43,RISKY
Rice,Uttar Pradesh,7.92,3.83,25950.42,125533.03,30.33,787076.24,661543.21,71275.62,10.42,12,6280.19,84.05,0.11,SAFE
Rice,Punjab,4.18,1.83,26317.32,187681.91,7.65,201327.5,13645.59,244387.89,9.86,6,41910.67,6.78,17.91,RISKY
Wheat,Punjab,5.12,2.99,22855.48,189900.54,15.31,349917.4,160016.86,226532.44,8.69,6,38718.1,45.73,1.42,SAFE
Rice,Haryana,5.63,1.52,24448.7,150639.65,8.56,209280.87,58641.22,48683.1,7.1,6,8282.7,28.02,0.83,MODERATE
Wheat,Haryana,7.79,3.34,24696.72,111748.19,26.02,642608.65,530860.46,296092.85,8.0,12,25756.65,82.61,0.56,SAFE
Wheat,Punjab,5.59,2.5,18794.37,106167.0,13.97,262557.35,156390.35,68078.05,10.09,6,11682.58,59.56,0.44,SAFE
Wheat,Madhya Pradesh,1.8,3.39,22539.59,216122.44,6.1,137491.5,-78630.94,159937.67,8.1,6,27289.56,-57.19,999.0,RISKY
Wheat,Punjab,6.99,2.51,24878.02,208281.89,17.54,436360.47,228078.58,150730.68,7.66,9,17286.92,52.27,0.66,SAFE
Wheat,Bihar,2.6,2.06,21211.37,213214.83,5.36,113692.94,-99521.89,162165.62,10.49,12,14293.92,-87.54,999.0,RISKY
Wheat,Bihar,6.83,2.73,29885.2,82800.28,18.65,557358.98,474558.7,201778.04,9.27,9,23294.63,85.14,0.43,SAFE
Wheat,Uttar Pradesh,5.36,1.76,23450.09,214679.56,9.43,221134.35,6454.79,284014.91,8.82,9,32728.26,2.92,44.0,RISKY
Rice,Madhya Pradesh,9.56,2.55,28357.49,216762.4,24.38,691355.61,474593.21,45281.61,10.18,6,7772.59,68.65,0.1,SAFE
Rice,Uttar Pradesh,5.73,3.79,24651.31,158179.01,21.72,535426.45,377247.44,93221.18,11.75,6,16073.65,70.46,0.25,SAFE
Wheat,Uttar Pradesh,7.74,3.52,29193.14,163224.26,27.24,795221.13,631996.87,90084.75,7.36,12,7809.7,79.47,0.14,SAFE
Rice,Bihar,5.87,3.36,29771.74,124838.36,19.72,587098.71,462260.35,52033.01,11.82,12,4618.69,78.74,0.11,SAFE
Wheat,Haryana,4.59,3.71,20765.03,138395.45,17.03,353628.46,215233.01,83756.71,10.11,9,9702.71,60.86,0.39,SAFE
Wheat,Bihar,9.77,2.25,24357.76,217618.47,21.98,535383.56,317765.09,68880.46,9.29,6,11793.14,59.35,0.22,SAFE
Wheat,Uttar Pradesh,6.49,3.11,26181.85,73365.08,20.18,528349.73,454984.65,270330.77,9.16,12,23660.89,86.11,0.59,SAFE
Wheat,Madhya Pradesh,8.77,3.09,22907.02,130630.1,27.1,620780.24,490150.14,246924.29,9.26,6,42272.67,78.96,0.5,SAFE
Rice,Madhya Pradesh,3.32,3.88,27339.26,180427.74,12.88,352129.67,171701.93,156635.83,8.92,9,18057.22,48.76,0.91,SAFE
Wheat,Bihar,4.47,2.51,24716.82,113737.4,11.22,277322.72,163585.32,83162.37,8.65,12,7259.18,58.99,0.51,SAFE
Wheat,Madhya Pradesh,5.86,3.28,28710.96,212433.32,19.22,551824.65,339391.33,52296.66,11.36,6,9007.17,61.5,0.15,SAFE
Rice,Haryana,3.6,3.13,29821.63,123753.12,11.27,336089.77,212336.65,274907.82,8.37,12,23960.86,63.18,1.29,SAFE
Rice,Uttar Pradesh,5.53,3.3,23552.48,201415.87,18.25,429832.76,228416.89,101581.53,10.64,6,17459.52,53.14,0.44,SAFE
Rice,Madhya Pradesh,6.64,2.29,18158.44,188119.52,15.21,276189.87,88070.35,35046.01,9.88,12,3079.15,31.89,0.4,MODERATE
Rice,Punjab,6.29,2.8,27302.1,193091.32,17.61,480789.98,287698.66,126719.08,10.98,12,11198.46,59.84,0.44,SAFE
Rice,Bihar,4.63,2.28,26959.19,246155.06,10.56,284689.05,38533.99,193896.16,11.69,6,33426.77,13.54,5.03,RISKY
Rice,Punjab,5.17,3.32,21443.71,215163.6,17.16,367974.06,152810.46,205222.23,9.17,9,23682.56,41.53,1.34,SAFE
Wheat,Haryana,2.62,2.4,23437.17,210277.79,6.29,147419.8,-62857.99,243907.79,10.97,9,28354.63,-42.64,999.0,RISKY
Wheat,Uttar Pradesh,3.23,2.02,27899.64,53631.58,6.52,181905.65,128274.07,299941.67,8.86,6,51290.03,70.52,2.34,MODERATE
Wheat,Punjab,4.2,1.72,25171.76,89016.12,7.22,181740.11,92723.99,265247.73,9.8,6,45480.13,51.02,2.86,MODERATE
Rice,Haryana,6.94,1.99,18634.46,102325.82,13.81,257341.89,155016.07,213130.45,11.07,6,36677.43,60.24,1.37,SAFE
Rice,Bihar,4.6,3.08,18422.83,217411.38,14.17,261051.5,43640.12,122077.32,8.5,9,14049.06,16.72,2.8,RISKY
Rice,Bihar,8.33,2.3,21630.01,119036.14,19.16,414430.99,295394.85,72572.54,7.75,9,8326.24,71.28,0.25,SAFE
Wheat,Madhya Pradesh,3.0,2.94,24639.34,89195.7,8.82,217318.98,128123.28,61554.69,7.0,6,10469.59,58.96,0.48,SAFE
Wheat,Haryana,6.94,2.56,18801.89,205263.05,17.77,334109.59,128846.54,241920.7,10.56,9,28076.62,38.56,1.88,SAFE
Wheat,Punjab,3.33,3.45,24692.97,126655.46,11.49,283722.23,157066.77,242094.18,7.84,9,27785.69,55.36,1.54,SAFE
Rice,Madhya Pradesh,4.81,2.1,23148.87,190005.56,10.1,233803.59,43798.03,126452.52,7.25,9,14478.12,18.73,2.89,RISKY
Rice,Uttar Pradesh,5.9,2.19,18226.52,201384.34,12.92,235486.64,34102.3,100922.44,7.17,12,8740.4,14.48,2.96,RISKY
Rice,Bihar,9.59,2.75,28056.06,111569.14,26.37,739838.3,628269.16,127889.94,10.79,9,14856.48,84.92,0.2,SAFE
Rice,Uttar Pradesh,9.78,3.73,26448.23,162393.46,36.48,964831.43,802437.97,248415.8,7.25,12,21523.25,83.17,0.31,SAFE
Wheat,Bihar,6.79,2.47,18137.41,88987.72,16.77,304164.37,215176.65,270239.56,11.77,6,46598.69,70.74,1.26,SAFE
Rice,Punjab,8.65,3.41,28943.6,156867.84,29.5,853836.2,696968.36,188090.38,9.47,6,32219.94,81.63,0.27,SAFE
Wheat,Uttar Pradesh,3.53,1.84,25899.34,157915.13,6.5,168345.71,10430.58,105266.68,9.53,9,12165.64,6.2,10.09,RISKY
Rice,Madhya Pradesh,1.68,2.18,28815.8,235485.26,3.66,105465.83,-130019.43,265031.86,9.89,9,30674.77,-123.28,999.0,RISKY
Wheat,Madhya Pradesh,7.83,2.74,18293.17,187641.63,21.45,392388.5,204746.87,267515.6,7.63,9,30676.92,52.18,1.31,SAFE
Rice,Bihar,4.33,2.42,23248.71,144326.71,10.48,243646.48,99319.77,275360.23,10.19,12,24232.88,40.76,2.77,MODERATE
Rice,Bihar,6.64,3.24,25926.28,237542.07,21.51,557674.28,320132.21,273182.25,10.55,9,31703.45,57.4,0.85,SAFE
Rice,Haryana,5.98,1.79,18650.7,165822.09,10.7,199562.49,33740.4,37852.06,8.42,12,3300.05,16.91,1.12,RISKY
Wheat,Punjab,6.01,2.46,20750.92,59774.62,14.78,306698.6,246923.98,253892.38,7.78,6,43280.77,80.51,1.03,SAFE
Rice,Madhya Pradesh,2.66,2.33,29395.63,181576.38,6.2,182252.91,676.53,177146.0,8.48,12,15449.0,0.37,261.85,RISKY
Rice,Haryana,5.83,3.37,29823.07,166800.87,19.65,586023.33,419222.46,282489.37,11.79,9,32949.73,71.54,0.67,SAFE
Wheat,Uttar Pradesh,2.19,1.67,29393.67,171005.61,3.66,107580.83,-63424.78,99916.36,10.04,9,11571.4,-58.96,999.0,RISKY
Wheat,Madhya Pradesh,8.32,2.02,23012.88,73875.91,16.81,386846.51,312970.6,237320.94,8.94,12,20747.46,80.9,0.76,SAFE
Wheat,Madhya Pradesh,3.9,3.52,18566.03,91504.76,13.73,254911.59,163406.83,214361.61,7.01,6,36460.95,64.1,1.31,SAFE
Rice,Uttar Pradesh,7.31,3.5,19113.5,90595.73,25.58,488923.33,398327.6,267551.2,9.03,6,45773.64,81.47,0.67,SAFE
Wheat,Uttar Pradesh,2.97,2.41,27946.98,244155.35,7.16,200100.38,-44054.97,294795.47,10.34,6,50624.93,-22.02,999.0,RISKY
Rice,Haryana,9.55,3.12,24615.21,120927.28,29.8,733533.26,612605.98,222973.08,10.91,12,19697.37,83.51,0.36,SAFE
Wheat,Punjab,6.61,1.57,18622.98,202564.83,10.38,193306.53,-9258.3,293053.81,10.12,9,33949.92,-4.79,999.0,RISKY
Rice,Bihar,1.48,2.4,29814.22,91235.44,3.55,105840.48,14605.04,263616.78,9.83,12,23155.27,13.8,18.05,RISKY
Rice,Uttar Pradesh,6.21,3.04,27261.82,182371.26,18.88,514703.16,332331.9,91190.72,10.08,12,8020.51,64.57,0.27,SAFE
Rice,Uttar Pradesh,7.18,3.24,21697.26,186492.27,23.26,504678.27,318186.0,178026.63,7.78,9,20427.49,63.05,0.56,SAFE
Wheat,Madhya Pradesh,6.92,3.67,20445.85,119014.14,25.4,519324.59,400310.45,64263.28,7.7,9,7371.4,77.08,0.16,SAFE
Rice,Haryana,7.71,2.66,21971.95,175691.44,20.51,450644.69,274953.25,278612.1,11.46,6,47999.74,61.01,1.01,SAFE
Rice,Punjab,6.05,2.76,21651.95,141173.51,16.7,361587.57,220414.06,177112.43,8.21,12,15423.93,60.96,0.8,SAFE
Rice,Uttar Pradesh,6.02,2.77,27997.13,57434.48,16.68,466992.13,409557.65,186043.2,7.84,9,21352.6,87.7,0.45,SAFE
Rice,Madhya Pradesh,5.17,3.23,26487.91,248942.12,16.7,442348.1,193405.98,162008.14,11.32,9,18860.57,43.72,0.84,SAFE
Rice,Uttar Pradesh,3.8,3.18,19175.74,225950.49,12.08,231642.94,5692.45,163270.37,8.39,6,27881.49,2.46,28.68,RISKY
Wheat,Madhya Pradesh,9.33,3.06,29853.58,194458.89,28.55,852319.71,657860.82,126980.34,10.03,12,11165.36,77.18,0.19,SAFE
Rice,Madhya Pradesh,5.79,2.24,19241.65,204402.53,12.97,249564.2,45161.67,97611.91,8.0,9,11210.5,18.1,2.16,RISKY
Rice,Madhya Pradesh,5.0,2.42,23138.2,100520.49,12.1,279972.22,179451.73,66133.86,10.85,12,5840.39,64.1,0.37,SAFE
Rice,Uttar Pradesh,4.48,3.78,29333.81,92631.02,16.93,496621.4,403990.38,71267.45,7.67,12,6188.57,81.35,0.18,SAFE
Wheat,Madhya Pradesh,9.16,1.98,28640.42,167070.96,18.14,519537.22,352466.26,81018.1,9.65,6,13885.61,67.84,0.23,SAFE
Rice,Uttar Pradesh,8.48,4.0,26378.41,122214.65,33.92,894755.67,772541.02,261253.05,7.61,6,44513.72,86.34,0.34,SAFE
Wheat,Punjab,8.76,2.11,19974.19,142732.48,18.48,369123.03,226390.55,192340.66,8.44,9,22129.76,61.33,0.85,SAFE
Rice,Bihar,5.07,3.58,18896.17,161970.39,18.15,342965.49,180995.1,55732.03,9.41,6,9545.27,52.77,0.31,SAFE
Wheat,Punjab,2.71,2.9,26707.58,100867.41,7.86,209921.58,109054.17,202073.26,11.04,12,17863.34,51.95,1.85,MODERATE
Wheat,Haryana,5.75,3.98,19615.03,122373.03,22.89,448988.04,326615.01,133075.38,11.9,9,15528.94,72.74,0.41,SAFE
Wheat,Bihar,5.67,2.58,26278.91,248123.32,14.63,384460.45,136337.13,72670.17,11.6,9,8469.73,35.46,0.53,SAFE
Wheat,Punjab,7.91,1.75,29862.65,226333.56,13.84,413299.08,186965.52,274312.4,7.44,6,46715.94,45.24,1.47,SAFE
Wheat,Bihar,2.49,2.56,19958.06,164223.74,6.37,127132.84,-37090.9,35267.41,11.32,6,6073.49,-29.17,999.0,RISKY
Rice,Madhya Pradesh,4.87,1.5,22641.94,201555.84,7.3,165286.16,-36269.68,47811.09,9.78,9,5531.16,-21.94,999.0,RISKY
Wheat,Punjab,3.15,3.42,27680.91,151368.26,10.77,298123.4,146755.14,159451.48,11.63,12,14139.49,49.23,1.09,SAFE
Wheat,Uttar Pradesh,8.77,2.91,23122.85,180651.06,25.52,590095.13,409444.07,166703.54,9.87,9,19292.68,69.39,0.41,SAFE
Wheat,Haryana,6.1,2.74,20921.85,82216.89,16.71,349604.11,267387.22,134666.18,11.57,6,23207.82,76.48,0.5,SAFE
Wheat,Madhya Pradesh,9.18,1.63,24294.7,93513.64,14.96,363448.71,269935.07,167977.1,10.67,9,19503.69,74.27,0.62,SAFE
Wheat,Bihar,6.24,2.71,21477.96,218655.55,16.91,363192.3,144536.75,290778.3,8.33,6,49647.29,39.8,2.01,MODERATE
Rice,Uttar Pradesh,8.42,3.38,18894.32,144244.62,28.46,537732.35,393487.73,252412.25,8.29,9,29023.45,73.18,0.64,SAFE
Wheat,Bihar,9.49,2.71,24913.29,116994.84,25.72,640769.82,523774.98,69655.78,8.61,9,8019.83,81.74,0.13,SAFE
Wheat,Madhya Pradesh,6.32,2.56,21916.6,156258.69,16.18,354610.59,198351.9,133006.59,11.75,9,15511.44,55.94,0.67,SAFE
Wheat,Bihar,3.08,2.39,20563.85,144287.19,7.36,151349.94,7062.75,213712.5,7.62,6,36414.55,4.67,30.26,RISKY
Wheat,Uttar Pradesh,1.48,1.65,26294.04,109128.2,2.44,64157.46,-44970.74,51113.7,7.8,12,4441.58,-70.09,999.0,RISKY
Rice,Haryana,9.18,3.79,24132.23,94801.78,34.79,839560.28,744758.5,252858.05,7.63,12,21952.49,88.71,0.34,SAFE
Wheat,Uttar Pradesh,9.07,3.59,22019.4,104979.3,32.56,716951.66,611972.36,152647.09,7.19,12,13221.43,85.36,0.25,SAFE
Wheat,Haryana,2.62,2.75,28823.0,132175.76,7.21,207813.83,75638.07,56016.53,8.75,6,9575.8,36.4,0.74,MODERATE
Wheat,Uttar Pradesh,8.59,1.57,29411.63,106250.98,13.49,396762.89,290511.91,296641.11,7.04,12,25672.86,73.22,1.02,SAFE
Wheat,Madhya Pradesh,8.68,3.94,22336.74,120764.74,34.2,763916.51,643151.77,92847.67,11.39,9,10812.17,84.19,0.14,SAFE
Wheat,Punjab,4.47,1.66,21571.44,82315.57,7.42,160060.08,77744.51,79984.63,11.8,12,7099.06,48.57,1.03,MODERATE
Wheat,Punjab,7.1,3.52,21737.85,203659.27,24.99,543228.87,339569.6,67997.45,11.43,6,11713.7,62.51,0.2,SAFE
Rice,Haryana,6.35,2.29,24744.59,216570.5,14.54,359786.34,143215.84,220836.54,11.25,9,25701.89,39.81,1.54,SAFE
Rice,Haryana,8.33,2.91,22179.7,64967.81,24.24,537635.93,472668.12,215399.76,7.31,6,36669.25,87.92,0.46,SAFE
Wheat,Punjab,8.67,3.34,23991.82,128452.22,28.96,694803.11,566350.89,44402.09,7.66,12,3855.49,81.51,0.08,SAFE
Rice,Punjab,8.67,2.89,20913.29,97460.39,25.06,524087.05,426626.66,175432.1,9.34,6,30040.34,81.4,0.41,SAFE
Rice,Uttar Pradesh,7.26,2.19,20101.56,80899.86,15.9,319614.8,238714.94,263369.43,10.5,12,23215.65,74.69,1.1,SAFE
Wheat,Bihar,5.51,3.26,23827.02,98112.24,17.96,427933.28,329821.04,164735.07,7.9,6,28091.93,77.07,0.5,SAFE
Wheat,Haryana,9.72,1.9,23022.38,178379.12,18.47,425223.36,246844.24,32886.36,11.59,9,3832.76,58.05,0.13,SAFE
Rice,Madhya Pradesh,9.96,3.8,29520.89,156086.33,37.85,1117365.69,961279.36,73595.21,9.79,9,8514.42,86.03,0.08,SAFE
Rice,Haryana,3.21,1.97,21116.27,182818.65,6.32,133454.83,-49363.82,43051.49,7.54,6,7333.87,-36.99,999.0,RISKY
Wheat,Haryana,2.68,3.17,21163.5,104015.8,8.5,179889.75,75873.95,250571.56,7.76,6,42712.22,42.18,3.3,MODERATE
Wheat,Haryana,4.38,3.56,27854.19,225223.47,15.59,434246.82,209023.35,47000.01,9.94,9,5440.89,48.13,0.22,SAFE
Wheat,Haryana,4.53,2.47,22184.28,92733.38,11.19,248242.09,155508.71,55729.16,10.55,12,4913.75,62.64,0.36,SAFE
Rice,Bihar,9.82,3.75,28898.17,50074.63,36.83,1064319.6,1014244.97,32132.73,8.6,9,3699.46,95.3,0.03,SAFE
Rice,Punjab,3.18,1.79,28585.49,155639.88,5.69,162651.44,7011.56,167835.96,9.12,6,28721.43,4.31,23.94,RISKY
Rice,Uttar Pradesh,1.48,3.26,20824.06,209103.03,4.82,100371.97,-108731.06,48473.89,9.46,6,8303.35,-108.33,999.0,RISKY
Wheat,Uttar Pradesh,8.35,2.6,25193.99,132471.53,21.71,546961.52,414489.99,272363.75,7.35,12,23610.72,75.78,0.66,SAFE
Wheat,Haryana,3.62,3.57,29768.26,241137.46,12.92,384605.92,143468.46,95649.63,10.11,9,11080.44,37.3,0.67,SAFE
Rice,Bihar,3.59,2.55,24057.53,104905.61,9.15,220126.4,115220.79,36485.29,11.87,6,6293.13,52.34,0.32,MODERATE
Wheat,Haryana,7.11,3.73,25556.33,212548.54,26.52,677753.87,465205.33,107187.25,10.75,6,18428.83,68.64,0.23,SAFE
Rice,Bihar,2.15,2.86,20412.19,113178.17,6.15,125534.97,12356.8,184721.52,8.49,6,31553.76,9.84,14.95,RISKY
Rice,Haryana,1.98,3.2,22588.2,87178.29,6.34,143209.19,56030.9,32554.56,8.53,12,2839.85,39.13,0.58,MODERATE
Rice,Bihar,6.17,1.94,29135.16,71370.9,11.97,348747.87,277376.97,68266.01,7.57,12,5924.79,79.54,0.25,SAFE
Rice,Haryana,9.68,3.35,29699.04,141594.28,32.43,963139.87,821545.59,128093.89,7.07,6,21791.37,85.3,0.16,SAFE
Wheat,Bihar,9.9,2.23,23375.13,209429.56,22.08,516122.87,306693.31,112375.77,8.78,9,12947.42,59.42,0.37,SAFE
Wheat,Punjab,9.3,1.89,24578.59,156188.73,17.58,432091.61,275902.88,265188.34,10.52,12,23378.45,63.85,0.96,SAFE
Rice,Haryana,1.29,2.38,19252.69,155778.08,3.07,59105.76,-96672.32,144735.36,8.63,9,16665.5,-163.56,999.0,RISKY
Rice,Haryana,2.38,3.52,28622.65,224831.06,8.38,239857.81,15026.75,57506.95,7.89,9,6601.56,6.26,3.83,RISKY
Wheat,Madhya Pradesh,6.53,3.26,27819.74,201616.12,21.29,592282.26,390666.14,129711.16,11.01,12,11464.69,65.96,0.33,SAFE
Wheat,Uttar Pradesh,5.07,1.92,29797.41,197368.98,9.73,289928.8,92559.82,202400.82,8.23,12,17628.06,31.93,2.19,MODERATE
Wheat,Bihar,1.95,3.58,24371.08,214630.02,6.98,170110.14,-44519.88,192979.46,9.11,12,16886.18,-26.17,999.0,RISKY
Wheat,Madhya Pradesh,9.05,2.14,18609.76,118211.78,19.37,360471.05,242259.27,215050.33,10.99,6,36999.33,67.21,0.89,SAFE
Rice,Bihar,7.55,3.65,25395.28,234113.97,27.56,699893.92,465779.95,112626.19,11.03,12,9955.67,66.55,0.24,SAFE
Rice,Uttar Pradesh,1.9,3.66,28432.53,153361.25,6.95,197606.08,44244.83,91029.44,11.36,12,8060.63,22.39,2.06,RISKY
Wheat,Punjab,4.17,1.92,26362.72,165526.98,8.01,211165.39,45638.41,277404.82,11.93,12,24638.0,21.61,6.08,RISKY
Rice,Bihar,6.68,1.65,24629.63,228176.64,11.02,271418.52,43241.88,61164.76,10.94,9,7109.62,15.93,1.41,RISKY
Wheat,Bihar,8.96,1.55,29276.79,98745.93,13.89,406654.61,307908.68,158211.34,8.98,6,27063.48,75.72,0.51,SAFE
Rice,Haryana,9.23,2.74,28785.24,94179.13,25.29,727978.72,633799.59,178040.33,8.35,12,15516.28,87.06,0.28,SAFE
Rice,Uttar Pradesh,5.97,3.35,19130.02,115526.05,20.0,382600.4,267074.35,70302.03,10.64,12,6201.61,69.81,0.26,SAFE
Rice,Punjab,5.08,2.94,26299.7,167447.78,14.94,392917.52,225469.74,220268.14,7.28,12,19087.53,57.38,0.98,SAFE
Wheat,Haryana,5.87,3.31,26981.11,95646.76,19.43,524242.97,428596.21,127463.96,7.92,9,14634.13,81.76,0.3,SAFE
Rice,Madhya Pradesh,4.27,2.33,27978.19,166175.46,9.95,278382.99,112207.53,65292.34,10.1,6,11204.86,40.31,0.58,MODERATE
Wheat,Madhya Pradesh,9.65,2.58,28328.47,132118.67,24.9,705378.9,573260.23,187251.18,11.9,6,32300.63,81.27,0.33,SAFE
Wheat,Punjab,9.05,2.81,21887.17,92209.59,25.43,556590.73,464381.14,205502.35,7.6,12,17838.34,83.43,0.44,SAFE
Wheat,Haryana,1.3,3.81,24993.3,118339.43,4.95,123716.84,5377.41,53536.31,11.58,12,4746.12,4.35,9.96,RISKY
Wheat,Bihar,3.42,2.23,23391.53,225105.77,7.63,178477.37,-46628.4,250806.24,8.86,9,28906.22,-26.13,999.0,RISKY
Rice,Uttar Pradesh,9.24,2.66,26719.84,184298.88,24.58,656773.67,472474.79,176330.79,9.03,6,30167.32,71.94,0.37,SAFE
Rice,Punjab,1.55,2.9,25192.21,178058.19,4.5,113364.94,-64693.25,57898.11,8.64,12,5053.61,-57.07,999.0,RISKY
Wheat,Uttar Pradesh,3.25,2.36,18403.39,119328.92,7.67,141154.0,21825.08,298079.47,9.55,12,26143.58,15.46,13.66,RISKY
Rice,Punjab,7.42,3.71,18407.88,229322.46,27.53,506768.94,277446.48,242666.24,7.26,6,41305.09,54.75,0.87,SAFE
Wheat,Haryana,6.38,2.68,22816.6,127379.8,17.1,390163.86,262784.06,256497.66,7.53,12,22256.63,67.35,0.98,SAFE
Rice,Haryana,4.16,3.92,28102.07,146710.43,16.31,458344.76,311634.33,169321.56,11.28,9,19708.77,67.99,0.54,SAFE
Wheat,Uttar Pradesh,8.79,3.1,28836.38,178185.22,27.25,785791.35,607606.13,175714.78,7.56,12,15249.43,77.32,0.29,SAFE
Wheat,Bihar,3.63,2.93,19842.29,243697.13,10.64,211121.97,-32575.16,264443.59,9.37,9,30541.66,-15.43,999.0,RISKY
Wheat,Uttar Pradesh,1.33,3.53,25545.08,165986.82,4.69,119806.43,-46180.39,244687.58,11.28,9,28481.26,-38.55,999.0,RISKY
Wheat,Bihar,9.41,1.93,24025.73,119104.4,18.16,436307.26,317202.86,229597.9,7.51,12,19920.38,72.7,0.72,SAFE
Rice,Bihar,5.76,2.44,20312.37,178947.25,14.05,285388.8,106441.55,182512.16,10.31,6,31339.93,37.3,1.71,MODERATE
Rice,Bihar,1.02,3.33,19630.25,57805.97,3.4,66742.85,8936.88,121853.32,9.84,9,14100.41,13.39,13.63,RISKY
Rice,Punjab,9.17,3.53,28543.9,100888.43,32.37,923966.04,823077.61,284614.96,9.3,12,24929.61,89.08,0.35,SAFE
Wheat,Haryana,2.18,3.09,18499.16,236923.22,6.74,124684.34,-112238.88,282245.91,11.56,12,25019.15,-90.02,999.0,RISKY
Rice,Haryana,8.61,2.97,27816.0,193808.76,25.57,711255.12,517446.36,40527.52,9.82,6,6949.36,72.75,0.08,SAFE
Rice,Madhya Pradesh,7.69,2.77,24342.94,75798.85,21.3,518504.62,442705.77,96769.87,7.92,9,11110.14,85.38,0.22,SAFE
Rice,Bihar,3.14,3.72,21128.24,86052.22,11.68,246777.84,160725.62,65832.79,7.01,6,11197.55,65.13,0.41,SAFE
Rice,Uttar Pradesh,5.8,2.93,29302.52,230717.88,16.99,497849.81,267131.93,114983.96,7.97,9,13204.01,53.66,0.43,SAFE
Rice,Punjab,8.81,1.5,18793.25,207465.07,13.21,248258.83,40793.76,53582.22,10.91,6,9216.68,16.43,1.31,RISKY
Rice,Bihar,7.85,2.75,22336.12,137934.36,21.59,482236.83,344302.47,286263.3,8.81,9,32986.0,71.4,0.83,SAFE
Wheat,Bihar,9.14,1.67,27860.88,196909.61,15.26,425157.03,228247.42,139185.45,7.78,12,12093.37,53.69,0.61,SAFE
Wheat,Bihar,8.2,3.68,25547.77,208671.7,30.18,771031.7,562360.0,296947.31,10.1,9,34398.16,72.94,0.53,SAFE
Rice,Madhya Pradesh,1.13,1.58,27453.35,120180.3,1.79,49141.5,-71038.8,157479.24,8.83,9,18147.76,-144.56,999.0,RISKY
Wheat,Uttar Pradesh,2.27,3.87,26437.19,156425.24,8.78,232118.53,75693.29,235929.61,8.95,12,20626.92,32.61,3.12,MODERATE
Wheat,Punjab,2.25,3.5,25621.64,208765.82,7.88,201898.52,-6867.3,297773.01,8.3,6,50837.17,-3.4,999.0,RISKY
Wheat,Bihar,6.25,3.2,28609.44,50120.46,20.0,572188.8,522068.34,40746.13,8.21,6,6954.56,91.24,0.08,SAFE
Rice,Uttar Pradesh,8.55,2.19,18055.07,232962.7,18.72,337990.91,105028.21,124130.18,10.73,12,10955.2,31.07,1.18,MODERATE
Rice,Punjab,1.2,3.67,28428.04,190842.88,4.4,125083.38,-65759.5,61538.73,9.63,6,10546.45,-52.57,999.0,RISKY
Rice,Madhya Pradesh,6.07,2.95,20072.41,128093.31,17.91,359496.86,231403.55,52769.67,9.99,12,4639.05,64.37,0.23,SAFE
Rice,Madhya Pradesh,4.88,3.19,23889.01,94128.59,15.57,371951.89,277823.3,90007.39,11.31,9,10478.0,74.69,0.32,SAFE
Wheat,Bihar,3.84,3.23,25287.74,187159.51,12.4,313567.98,126408.47,259467.18,9.03,6,44390.6,40.31,2.05,MODERATE
Rice,Punjab,3.19,3.24,19051.5,87008.12,10.34,196992.51,109984.39,41423.21,9.36,12,3629.44,55.83,0.38,MODERATE
Wheat,Bihar,8.67,3.66,25188.16,165326.62,31.73,799220.32,633893.7,93897.52,9.3,9,10841.5,79.31,0.15,SAFE
Rice,Bihar,4.84,2.56,27691.13,127246.42,12.39,343093.1,215846.68,292249.02,9.54,6,50072.42,62.91,1.35,SAFE
Rice,Uttar Pradesh,1.78,1.78,23337.45,80664.41,3.17,73979.72,-6684.69,71255.0,8.42,9,8197.57,-9.04,999.0,RISKY
Wheat,Punjab,8.61,3.87,19985.85,96375.72,33.32,665928.52,569552.8,63261.63,11.15,9,7359.66,85.53,0.11,SAFE
Rice,Bihar,5.48,2.55,21446.52,52260.23,13.97,299607.88,247347.65,282139.46,9.85,6,48383.38,82.56,1.14,SAFE
Wheat,Haryana,1.12,2.31,23169.88,198645.47,2.59,60009.99,-138635.48,264459.19,8.98,12,23124.89,-231.02,999.0,RISKY
Rice,Haryana,4.68,2.94,20614.9,232843.08,13.76,283661.02,50817.94,109010.5,9.3,12,9548.3,17.92,2.15,MODERATE
Rice,Haryana,9.55,2.92,27803.96,183220.5,27.89,775452.44,592231.94,257137.43,7.13,12,22264.68,76.37,0.43,SAFE
Rice,Punjab,6.54,3.12,27793.61,151080.13,20.4,566989.64,415909.51,162980.31,11.12,9,18958.29,73.35,0.39,SAFE
Wheat,Haryana,7.59,3.56,25689.63,247709.9,27.02,694133.8,446423.9,68135.68,9.48,12,5973.74,64.31,0.15,SAFE
Wheat,Haryana,1.46,4.0,25834.65,247425.35,5.84,150874.36,-96550.99,100169.68,10.19,12,8815.36,-63.99,999.0,RISKY
Rice,Bihar,5.34,2.65,23321.94,56788.79,14.15,330005.45,273216.66,125662.13,11.6,6,21657.96,82.79,0.46,SAFE
Wheat,Madhya Pradesh,2.6,1.64,19837.46,105895.39,4.26,84507.58,-21387.81,150454.03,7.95,9,17275.74,-25.31,999.0,RISKY
Wheat,Haryana,3.12,3.3,22059.59,184589.73,10.3,227213.78,42624.05,294885.89,9.66,6,50541.64,18.76,6.92,RISKY
Rice,Haryana,6.94,2.46,19661.85,117276.66,17.07,335627.78,218351.12,109615.61,10.08,12,9641.03,65.06,0.5,SAFE
Rice,Haryana,8.34,3.6,25750.22,131727.81,30.02,773021.6,641293.79,102067.03,8.8,12,8916.45,82.96,0.16,SAFE
Rice,Punjab,8.95,3.65,26634.54,149233.89,32.67,870150.42,720916.53,86231.32,10.91,9,10022.06,82.85,0.12,SAFE
Wheat,Uttar Pradesh,1.36,3.64,20711.46,56239.85,4.95,102521.73,46281.88,50651.08,9.6,9,5855.41,45.14,1.09,RISKY
Wheat,Punjab,7.8,2.38,24599.94,217103.85,18.56,456574.89,239471.04,291284.29,7.5,9,33384.73,52.45,1.22,SAFE
Wheat,Haryana,1.19,1.65,24965.8,127784.89,1.96,48932.97,-78851.92,289806.56,7.45,9,33208.54,-161.14,999.0,RISKY
Wheat,Haryana,9.62,2.49,28848.76,225578.89,23.95,690927.8,465348.91,111776.66,7.47,12,9695.91,67.35,0.24,SAFE
Wheat,Madhya Pradesh,2.65,3.04,23085.62,233241.86,8.06,186070.1,-47171.76,183570.45,7.88,12,15958.32,-25.35,999.0,RISKY
Wheat,Madhya Pradesh,6.83,1.61,25996.74,137810.02,11.0,285964.14,148154.12,127087.24,10.44,12,11199.01,51.81,0.86,SAFE
Rice,Madhya Pradesh,8.84,3.18,21323.66,118549.08,28.11,599408.08,480859.0,64753.26,8.31,9,7446.22,80.22,0.13,SAFE
Wheat,Punjab,3.62,3.17,20663.28,230699.12,11.48,237214.45,6515.33,73009.96,11.52,12,6470.46,2.75,11.21,RISKY
Wheat,Bihar,9.03,3.26,28049.28,125732.96,29.44,825770.8,700037.84,60710.09,11.24,9,7065.41,84.77,0.09,SAFE
Rice,Haryana,5.27,3.31,29027.9,206897.08,17.44,506246.58,299349.5,64211.14,11.58,6,11066.2,59.13,0.21,SAFE
Rice,Uttar Pradesh,6.85,1.98,29532.93,209729.47,13.56,400466.53,190737.06,169546.51,11.33,12,15010.91,47.63,0.89,SAFE
Wheat,Uttar Pradesh,8.47,3.38,25905.71,191141.02,28.63,741680.48,550539.46,294424.98,10.08,9,34103.19,74.23,0.53,SAFE
Wheat,Madhya Pradesh,3.5,3.26,21461.25,100154.48,11.41,244872.86,144718.38,275177.14,11.26,12,24354.0,59.1,1.9,SAFE
Wheat,Haryana,2.81,1.98,21739.77,203400.53,5.56,120873.12,-82527.41,290724.97,11.63,6,50110.98,-68.28,999.0,RISKY
Rice,Bihar,1.57,1.71,24282.22,219373.37,2.68,65076.35,-154297.02,154416.68,9.93,12,13570.65,-237.1,999.0,RISKY
Wheat,Madhya Pradesh,1.42,2.66,29199.11,61824.7,3.78,110372.64,48547.94,114894.55,9.46,9,13274.52,43.99,2.37,RISKY
Wheat,Bihar,6.2,3.82,24998.59,105667.27,23.68,591966.61,486299.34,54651.06,7.95,12,4752.75,82.15,0.11,SAFE
Wheat,Haryana,6.96,3.01,19236.42,55942.53,20.95,403003.0,347060.47,235920.4,11.66,12,20923.74,86.12,0.68,SAFE
Wheat,Haryana,8.31,1.66,22582.25,146738.14,13.79,311409.23,164671.09,219308.86,8.74,9,25263.63,52.88,1.33,SAFE
Rice,Madhya Pradesh,1.35,2.78,21932.72,59068.75,3.75,82247.7,23178.95,253722.17,9.32,12,22226.05,28.18,10.95,RISKY
Rice,Uttar Pradesh,3.93,2.49,28150.12,71248.86,9.79,275589.67,204340.81,176253.19,11.85,6,30399.14,74.15,0.86,SAFE
Wheat,Bihar,1.37,3.78,29862.43,231256.72,5.18,154687.39,-76569.33,236858.85,9.29,9,27346.84,-49.5,999.0,RISKY
Wheat,Punjab,2.34,3.13,19827.12,245750.2,7.32,145134.52,-100615.68,68863.43,7.21,12,5965.2,-69.33,999.0,RISKY
Rice,Punjab,5.78,2.32,25328.83,187457.07,13.41,339659.61,152202.54,42546.33,11.04,9,4947.48,44.81,0.28,SAFE
Wheat,Punjab,6.18,3.79,24050.97,226803.25,23.42,563273.72,336470.47,142275.86,10.21,6,24423.77,59.73,0.42,SAFE
Wheat,Punjab,5.87,3.1,21490.66,76090.55,18.2,391130.01,315039.46,90830.49,8.57,9,10456.07,80.55,0.29,SAFE
Rice,Punjab,1.64,2.6,24025.04,163028.94,4.26,102346.67,-60682.27,263887.6,11.11,6,45417.39,-59.29,999.0,RISKY
Wheat,Punjab,4.12,3.32,19337.65,159551.98,13.68,264539.05,104987.07,52046.91,10.63,9,6042.14,39.69,0.5,MODERATE
Rice,Uttar Pradesh,3.48,3.63,21018.95,221742.23,12.63,265469.34,43727.11,34393.92,10.41,9,3989.22,16.47,0.79,RISKY
Wheat,Punjab,2.2,3.49,18078.85,202063.5,7.68,138845.57,-63217.93,189117.9,9.74,6,32421.1,-45.53,999.0,RISKY
Rice,Haryana,8.33,2.45,20152.13,100396.01,20.41,411304.97,310908.96,261517.84,7.35,9,29954.67,75.59,0.84,SAFE
Wheat,Bihar,7.96,3.53,19994.38,187950.42,28.1,561842.08,373891.66,167452.59,9.19,9,19325.54,66.55,0.45,SAFE
Wheat,Uttar Pradesh,5.62,2.35,23049.35,248807.24,13.21,304481.91,55674.67,263468.85,10.38,9,30554.97,18.29,4.73,RISKY
Wheat,Punjab,3.89,1.91,22641.89,244145.23,7.43,168229.24,-75915.99,287610.17,10.66,12,25373.87,-45.13,999.0,RISKY
Rice,Madhya Pradesh,8.41,1.85,21865.72,149353.75,15.56,340230.6,190876.85,209240.04,8.66,12,18265.38,56.1,1.1,SAFE
Rice,Bihar,6.78,2.93,27414.13,121403.23,19.87,544718.76,423315.53,253525.89,10.57,6,43566.5,77.71,0.6,SAFE
Rice,Haryana,5.67,2.87,19394.23,68544.09,16.27,315544.12,247000.03,208381.5,9.6,12,18281.3,78.28,0.84,SAFE
Wheat,Uttar Pradesh,5.73,2.91,25479.33,235592.78,16.67,424740.43,189147.65,235047.61,10.26,6,40355.22,44.53,1.24,SAFE
Wheat,Bihar,1.6,3.35,28471.09,136391.26,5.36,152605.04,16213.78,202531.35,9.25,6,34671.74,10.62,12.49,RISKY
Wheat,Haryana,9.1,3.04,28598.96,164713.34,27.66,791047.23,626333.89,34456.85,9.89,12,3027.54,79.18,0.06,SAFE
Rice,Punjab,7.95,2.37,25587.53,63346.43,18.84,482069.07,418722.64,202468.37,7.32,6,34468.83,86.86,0.48,SAFE
Rice,Haryana,2.6,1.69,28502.15,158464.32,4.39,125124.44,-33339.88,133669.39,8.61,12,11665.42,-26.65,999.0,RISKY
Rice,Punjab,4.21,2.72,19184.7,107283.18,11.45,219664.82,112381.64,168580.33,7.59,12,14632.6,51.16,1.5,MODERATE
Wheat,Uttar Pradesh,5.62,1.8,21300.84,108414.99,10.12,215564.5,107149.51,34641.64,11.82,6,5974.28,49.71,0.32,MODERATE
Wheat,Uttar Pradesh,9.92,2.56,23858.13,195704.93,25.4,605996.5,410291.57,62305.92,11.22,9,7250.54,67.71,0.15,SAFE
Rice,Uttar Pradesh,8.01,1.63,26542.57,249465.81,13.06,346645.96,97180.15,182455.32,9.11,6,31222.31,28.03,1.88,MODERATE
Rice,Punjab,5.22,2.9,21623.5,72671.14,15.14,327379.79,254708.65,152756.23,8.35,12,13312.76,77.8,0.6,SAFE
Rice,Haryana,8.23,3.96,21412.4,96607.35,32.59,697830.12,601222.77,216930.41,10.96,12,19168.62,86.16,0.36,SAFE
Wheat,Uttar Pradesh,9.02,2.19,24786.69,50037.07,19.75,489537.13,439500.06,115718.52,10.58,6,19885.92,89.78,0.26,SAFE
Rice,Punjab,6.04,2.91,20679.62,92209.69,17.58,363547.72,271338.03,60000.96,10.21,9,6953.59,74.64,0.22,SAFE
Wheat,Madhya Pradesh,3.35,1.8,18276.09,174416.5,6.03,110204.82,-64211.68,139456.42,11.3,9,16233.84,-58.27,999.0,RISKY
Wheat,Uttar Pradesh,8.98,2.88,20688.81,132867.43,25.86,535012.63,402145.2,209762.63,11.35,9,24423.02,75.17,0.52,SAFE
Rice,Madhya Pradesh,1.44,1.8,19459.36,235861.06,2.59,50399.74,-185461.32,209440.9,9.29,12,18344.09,-367.98,999.0,RISKY
Wheat,Uttar Pradesh,8.05,3.75,20276.41,146163.38,30.19,612144.82,465981.44,284787.38,8.32,9,32750.11,76.12,0.61,SAFE
Wheat,Madhya Pradesh,8.42,2.68,27255.27,66898.15,22.57,615151.44,548253.29,248572.5,9.6,6,42596.46,89.12,0.45,SAFE
Rice,Uttar Pradesh,2.3,3.42,18316.25,193526.08,7.87,144148.89,-49377.19,217507.68,11.32,12,19256.17,-34.25,999.0,RISKY
Wheat,Uttar Pradesh,7.86,3.92,25050.0,66034.86,30.81,771790.5,705755.64,192624.57,10.49,12,16978.69,91.44,0.27,SAFE
Rice,Bihar,8.45,3.59,21785.17,98002.47,30.34,660962.06,562959.59,154941.12,7.63,12,13451.59,85.17,0.28,SAFE
Rice,Punjab,8.64,3.4,29786.9,72458.76,29.38,875139.12,802680.36,126723.98,8.76,9,14599.36,91.72,0.16,SAFE
Wheat,Punjab,6.84,2.92,22061.02,140207.76,19.97,440558.57,300350.81,234327.16,11.67,6,40394.57,68.18,0.78,SAFE
Rice,Uttar Pradesh,5.34,3.47,24842.09,153135.58,18.53,460323.93,307188.35,106584.95,10.1,6,18291.12,66.73,0.35,SAFE
Rice,Punjab,6.9,3.73,19900.76,131465.28,25.74,512245.56,380780.28,216513.96,11.02,12,19137.88,74.34,0.57,SAFE
Rice,Haryana,2.54,3.71,25634.86,56167.59,9.42,241480.38,185312.79,159043.41,7.22,6,27068.22,76.74,0.86,SAFE
Rice,Punjab,5.27,3.87,20037.67,143859.16,20.39,408568.09,264708.93,85792.3,10.49,6,14739.37,64.79,0.32,SAFE
Rice,Madhya Pradesh,3.31,1.9,26209.43,79100.29,6.29,164857.31,85757.02,173080.14,9.46,12,15173.06,52.02,2.02,MODERATE
Wheat,Punjab,9.53,1.75,19199.5,111067.61,16.68,320247.66,209180.05,192935.69,8.58,6,32965.43,65.32,0.92,SAFE
Wheat,Haryana,1.78,3.1,25841.15,51577.56,5.52,142643.15,91065.59,138118.25,8.3,12,12033.86,63.84,1.52,MODERATE
Wheat,Punjab,6.16,2.81,19733.83,96629.39,17.31,341592.6,244963.21,165259.78,10.76,12,14587.44,71.71,0.67,SAFE
Rice,Punjab,4.36,3.24,24909.74,220197.89,14.13,351974.63,131776.74,45078.76,11.87,12,4002.45,37.44,0.34,SAFE
Rice,Punjab,6.52,3.14,21129.43,88132.59,20.47,432519.43,344386.84,136301.3,8.14,6,23259.26,79.62,0.4,SAFE
Wheat,Punjab,8.24,3.35,29461.45,124641.18,27.6,813136.02,688494.84,267236.98,9.93,12,23485.68,84.67,0.39,SAFE
Wheat,Bihar,1.12,2.57,27675.02,195493.47,2.88,79704.06,-115789.41,129647.9,10.87,9,15065.61,-145.27,999.0,RISKY
Rice,Punjab,5.89,2.56,23405.18,105459.85,15.08,352950.11,247490.26,98320.74,11.06,6,16919.44,70.12,0.4,SAFE
Wheat,Madhya Pradesh,4.11,4.0,26093.36,214318.26,16.44,428974.84,214656.58,268931.77,8.53,12,23459.91,50.04,1.25,SAFE
Rice,Uttar Pradesh,9.98,3.68,26946.77,144659.93,36.73,989754.86,845094.93,226848.7,10.71,9,26343.53,85.38,0.27,SAFE
Wheat,Bihar,5.4,3.49,18679.5,132332.5,18.85,352108.58,219776.08,247017.43,11.0,9,28719.64,62.42,1.12,SAFE
Rice,Punjab,8.96,2.65,23319.59,190109.59,23.74,553607.07,363497.48,33338.42,8.59,12,2909.16,65.66,0.09,SAFE
Rice,Punjab,6.23,2.16,29520.44,237768.5,13.46,397345.12,159576.62,78790.25,7.91,12,6850.56,40.16,0.49,SAFE
Wheat,Bihar,4.63,3.98,27593.02,90368.57,18.43,508539.36,418170.79,75460.6,8.39,9,8680.34,82.23,0.18,SAFE
Rice,Uttar Pradesh,8.11,1.83,25899.8,147786.33,14.84,384353.03,236566.7,65948.47,10.45,6,11328.84,61.55,0.28,SAFE
Rice,Uttar Pradesh,5.72,3.96,29402.69,198764.3,22.65,665970.93,467206.63,155647.79,7.9,12,13532.36,70.15,0.33,SAFE
Rice,Punjab,4.11,2.13,23990.21,140952.8,8.75,209914.34,68961.54,179938.76,8.84,9,20736.82,32.85,2.61,MODERATE
Rice,Punjab,4.64,3.05,29905.6,210086.77,14.15,423164.24,213077.47,218274.04,7.23,6,37149.99,50.35,1.02,SAFE
Rice,Madhya Pradesh,6.29,1.67,23155.26,51913.42,10.5,243130.23,191216.81,74068.72,9.36,9,8554.15,78.65,0.39,SAFE
Wheat,Bihar,9.03,3.08,29969.55,179800.95,27.81,833453.19,653652.24,108645.37,11.72,9,12668.85,78.43,0.17,SAFE
Wheat,Bihar,6.51,3.51,28576.59,140535.26,22.85,652975.08,512439.82,278300.71,7.44,12,24136.94,78.48,0.54,SAFE
Wheat,Haryana,2.89,1.53,19452.4,114225.94,4.42,85979.61,-28246.33,72609.79,11.42,12,6431.61,-32.85,999.0,RISKY
Rice,Bihar,5.55,3.86,25683.86,137893.52,21.42,550148.28,412254.76,176798.37,11.82,12,15693.44,74.94,0.43,SAFE
Rice,Bihar,8.66,3.69,24836.86,165928.87,31.96,793786.05,627857.18,250029.91,11.12,6,43033.59,79.1,0.4,SAFE
Rice,Haryana,4.68,3.58,26117.19,78223.36,16.75,437462.93,359239.57,298328.13,10.25,6,51218.35,82.12,0.83,SAFE
Rice,Haryana,6.77,3.95,22053.93,144180.3,26.74,589722.09,445541.79,164514.91,11.96,9,19202.4,75.55,0.37,SAFE
Wheat,Haryana,7.53,3.14,26742.35,159518.84,23.64,632189.15,472670.31,137429.62,7.96,9,15780.88,74.77,0.29,SAFE
Wheat,Madhya Pradesh,5.99,1.95,24712.31,96366.48,11.68,288639.78,192273.3,65697.25,9.27,6,11247.49,66.61,0.34,SAFE
Rice,Bihar,7.75,1.92,18496.29,63039.85,14.88,275224.8,212184.95,41133.41,11.41,9,4790.4,77.1,0.19,SAFE
Rice,Haryana,9.77,3.4,24083.65,54925.87,33.22,800058.85,745132.98,76124.32,8.98,6,13021.75,93.13,0.1,SAFE
Rice,Haryana,1.47,3.1,22792.62,109429.45,4.56,103934.35,-5495.1,287742.52,10.95,9,33447.75,-5.29,999.0,RISKY
Wheat,Uttar Pradesh,5.76,2.07,19720.85,233657.15,11.92,235072.53,1415.38,154484.22,8.31,9,17764.72,0.6,109.15,RISKY
Rice,Haryana,1.19,1.77,20176.33,163432.71,2.11,42572.06,-120860.65,218582.02,8.18,6,37304.42,-283.9,999.0,RISKY
Rice,Haryana,8.34,3.27,18182.15,53882.3,27.27,495827.23,441944.93,39816.54,8.44,6,6800.4,89.13,0.09,SAFE
Wheat,Madhya Pradesh,2.2,1.98,19661.44,191586.59,4.36,85723.88,-105862.71,198151.79,11.04,12,17516.68,-123.49,999.0,RISKY
Rice,Punjab,9.22,2.27,19161.99,63594.89,20.93,401060.45,337465.56,252008.43,10.62,6,43311.95,84.14,0.75,SAFE
Wheat,Punjab,1.56,1.99,26720.87,170918.23,3.1,82834.7,-88083.53,255018.37,10.63,12,22494.96,-106.34,999.0,RISKY
Wheat,Madhya Pradesh,6.46,3.32,27759.25,183027.13,21.45,595435.91,412408.78,218821.83,7.86,12,19020.81,69.26,0.53,SAFE
Rice,Haryana,5.68,2.51,23816.03,183732.17,14.26,339616.59,155884.42,145838.18,9.69,6,24997.93,45.9,0.94,SAFE
Rice,Punjab,7.15,3.44,22688.63,149632.46,24.6,558140.3,408507.84,164749.84,11.41,12,14592.39,73.19,0.4,SAFE
Wheat,Bihar,1.82,2.65,29279.26,190176.17,4.82,141126.03,-49050.14,150620.67,9.76,12,13225.14,-34.76,999.0,RISKY
Rice,Uttar Pradesh,1.95,2.36,26632.35,234978.89,4.6,122508.81,-112470.08,264776.8,8.01,6,45166.16,-91.81,999.0,RISKY
Wheat,Punjab,3.51,2.15,26399.61,197474.97,7.55,199317.06,1842.09,246558.43,9.43,6,42230.67,0.92,133.85,RISKY
Wheat,Bihar,4.27,1.54,25809.95,80032.71,6.58,169829.47,89796.76,90235.59,7.91,9,10359.52,52.87,1.0,MODERATE
Wheat,Bihar,2.68,3.78,25395.13,153545.65,10.13,257252.67,103707.02,109083.08,9.62,6,18694.02,40.31,1.05,MODERATE
Rice,Punjab,9.86,1.63,24651.42,174188.56,16.07,396148.32,221959.76,268440.81,7.54,6,45729.18,56.03,1.21,SAFE
Wheat,Uttar Pradesh,2.58,2.23,26906.15,108116.35,5.75,154710.36,46594.01,125275.25,8.2,6,21381.4,30.12,2.69,RISKY
Rice,Haryana,5.38,3.53,19297.0,172017.82,18.99,366450.03,194432.21,155696.8,7.69,12,13521.51,53.06,0.8,SAFE
Rice,Bihar,7.43,2.74,28412.92,112221.0,20.36,578487.05,466266.05,73623.14,9.52,12,6456.22,80.6,0.16,SAFE
Wheat,Bihar,7.27,1.6,21189.57,231050.58,11.63,246434.7,15384.12,80312.88,11.32,6,13830.88,6.24,5.22,RISKY
Wheat,Bihar,1.78,2.27,23319.61,238705.2,4.04,94211.22,-144493.98,106488.78,7.58,6,18142.57,-153.37,999.0,RISKY
Wheat,Haryana,5.97,3.9,29594.79,214467.81,23.28,688966.71,474498.9,42779.14,9.56,9,4944.58,68.87,0.09,SAFE
Wheat,Uttar Pradesh,5.09,3.12,22735.21,137628.92,15.88,361035.13,223406.21,57548.76,7.42,9,6593.62,61.88,0.26,SAFE
Wheat,Haryana,5.06,3.66,23626.15,147331.25,18.52,437556.3,290225.05,204511.66,11.92,6,35280.07,66.33,0.7,SAFE
Wheat,Madhya Pradesh,8.05,3.5,19493.79,222026.11,28.18,549335.0,327308.89,108590.59,11.26,12,9610.59,59.58,0.33,SAFE
Wheat,Haryana,4.91,2.43,25926.51,171436.73,11.93,309303.26,137866.53,159831.23,10.13,9,18517.01,44.57,1.16,SAFE
Wheat,Bihar,2.21,3.14,27623.67,234416.19,6.94,191708.27,-42707.92,229978.98,10.55,9,26689.61,-22.28,999.0,RISKY
Wheat,Punjab,2.2,3.77,22775.94,247491.36,8.29,188812.54,-58678.82,185105.27,9.23,6,31686.71,-31.08,999.0,RISKY
Wheat,Punjab,8.26,2.21,20795.06,120926.32,18.25,379509.85,258583.53,34824.52,7.02,9,3983.45,68.14,0.13,SAFE
Wheat,Madhya Pradesh,8.22,1.51,23948.44,157242.97,12.41,297200.14,139957.17,262535.33,8.16,6,44803.16,47.09,1.88,SAFE
Rice,Madhya Pradesh,5.1,3.71,24323.3,167783.14,18.92,460196.84,292413.7,232993.24,8.39,6,39787.98,63.54,0.8,SAFE
Wheat,Madhya Pradesh,5.82,2.58,27402.31,77161.86,15.02,411582.7,334420.84,294239.75,11.36,6,50677.57,81.25,0.88,SAFE
Rice,Uttar Pradesh,8.64,3.87,19489.58,134407.44,33.44,651731.56,517324.12,126278.82,10.41,12,11126.01,79.38,0.24,SAFE
Wheat,Bihar,2.13,2.19,23494.94,242838.11,4.66,109486.42,-133351.69,86977.62,7.12,12,7530.7,-121.8,999.0,RISKY
Rice,Uttar Pradesh,7.39,3.42,19207.02,95521.93,25.27,485361.4,389839.47,94417.07,9.0,9,10888.11,80.32,0.24,SAFE
Wheat,Haryana,3.91,2.62,29275.21,52940.0,10.24,299778.15,246838.15,139086.88,11.66,12,12335.59,82.34,0.56,SAFE
Rice,Punjab,5.03,2.25,20584.48,198988.22,11.32,233016.31,34028.09,222635.74,9.21,9,25696.28,14.6,6.54,RISKY
Rice,Uttar Pradesh,2.65,2.69,26042.6,135093.29,7.13,185683.74,50590.45,43083.58,9.89,9,4986.49,27.25,0.85,MODERATE
Wheat,Bihar,4.11,2.66,20528.74,85901.7,10.93,224379.13,138477.43,192052.24,8.24,6,32782.37,61.72,1.39,SAFE
Wheat,Punjab,9.29,1.94,28243.96,148073.34,18.02,508956.16,360882.82,152811.96,7.49,6,26027.93,70.91,0.42,SAFE
Wheat,Madhya Pradesh,3.79,2.7,20513.16,236993.71,10.23,209849.63,-27144.08,282652.48,10.23,12,24879.89,-12.94,999.0,RISKY
Wheat,Madhya Pradesh,7.34,2.54,25697.58,110984.88,18.64,479002.89,368018.01,290641.65,10.74,9,33755.82,76.83,0.79,SAFE
Rice,Bihar,8.45,2.39,23641.63,206622.43,20.2,477560.93,270938.5,264103.37,8.43,9,30385.18,56.73,0.97,SAFE
Rice,Uttar Pradesh,5.34,1.52,29253.04,135503.51,8.12,237534.68,102031.17,172723.93,7.27,9,19777.57,42.95,1.69,MODERATE
Rice,Bihar,5.18,1.78,25528.69,105031.22,9.22,235374.52,130343.3,250384.71,11.42,12,22178.5,55.38,1.92,SAFE
Wheat,Uttar Pradesh,6.86,3.47,20579.0,146523.48,23.8,489780.2,343256.72,117671.29,10.94,12,10396.69,70.08,0.34,SAFE
Rice,Bihar,5.24,1.61,23945.61,140085.23,8.44,202100.95,62015.72,54727.86,10.88,12,4833.88,30.69,0.88,MODERATE
Rice,Haryana,5.32,3.48,27386.06,129876.23,18.51,506915.97,377039.74,260159.18,9.01,9,30002.6,74.38,0.69,SAFE
Wheat,Haryana,5.98,1.8,24860.51,113072.64,10.76,267499.09,154426.45,217502.01,9.09,12,19029.95,57.73,1.41,SAFE
Rice,Haryana,5.7,2.96,25240.02,89770.93,16.87,425799.14,336028.21,246502.04,8.32,9,28347.35,78.92,0.73,SAFE
Rice,Madhya Pradesh,2.57,2.84,22884.0,72635.6,7.3,167053.2,94417.6,137860.38,7.18,12,11940.05,56.52,1.46,MODERATE
Rice,Punjab,2.5,2.89,26345.13,241175.54,7.23,190475.29,-50700.25,289281.4,9.48,9,33425.32,-26.62,999.0,RISKY
Wheat,Haryana,3.25,3.47,20998.45,93616.03,11.28,236862.52,143246.49,67145.44,8.76,12,5864.5,60.48,0.47,SAFE
Rice,Uttar Pradesh,9.29,3.43,21335.03,59587.53,31.86,679734.06,620146.53,270223.54,11.02,6,46495.86,91.23,0.44,SAFE
Wheat,Punjab,8.06,2.82,26681.43,143047.49,22.73,606468.9,463421.41,265323.03,8.29,9,30507.98,76.41,0.57,SAFE
Wheat,Uttar Pradesh,1.1,3.77,21948.94,224053.97,4.15,91088.1,-132965.87,240356.21,8.0,12,20908.21,-145.98,999.0,RISKY
Wheat,Madhya Pradesh,1.54,3.18,20682.61,91128.4,4.9,101344.79,10216.39,156286.73,7.47,12,13556.87,10.08,15.3,RISKY
Rice,Uttar Pradesh,4.39,3.16,26392.11,244595.26,13.87,366058.57,121463.31,111972.67,10.31,6,19227.3,33.18,0.92,SAFE
Wheat,Punjab,2.19,2.6,29670.98,52601.59,5.69,168827.88,116226.29,201688.44,9.92,6,34594.0,68.84,1.74,MODERATE
Rice,Madhya Pradesh,5.73,2.99,19312.81,204236.2,17.13,330828.44,126592.24,66561.48,11.24,12,5890.27,38.27,0.53,SAFE
Rice,Madhya Pradesh,6.28,3.68,22663.77,245509.13,23.11,523759.72,278250.59,144085.25,8.62,6,24621.57,53.13,0.52,SAFE
Rice,Punjab,9.35,3.75,21345.94,159548.93,35.06,748388.66,588839.73,147179.23,7.29,9,16853.99,78.68,0.25,SAFE
Rice,Bihar,1.39,2.97,24027.57,245804.5,4.13,99233.86,-146570.64,51678.04,7.28,9,5917.58,-147.7,999.0,RISKY
Wheat,Bihar,5.62,1.83,25222.32,220811.58,10.28,259285.45,38473.87,32172.24,9.59,12,2822.32,14.84,0.84,RISKY
Wheat,Uttar Pradesh,9.02,3.5,20183.99,173428.46,31.57,637208.56,463780.1,103786.87,11.18,9,12075.71,72.78,0.22,SAFE
Rice,Bihar,8.38,2.23,22382.28,79876.92,18.69,418324.81,338447.89,43728.38,11.87,9,5102.17,80.91,0.13,SAFE
Rice,Punjab,2.77,1.6,20599.25,59215.2,4.43,91254.68,32039.48,249492.97,7.22,9,28562.06,35.11,7.79,RISKY
Rice,Haryana,1.02,2.42,21288.62,151396.42,2.47,52582.89,-98813.53,270288.99,10.34,6,46416.46,-187.92,999.0,RISKY
Wheat,Haryana,6.67,2.74,28807.87,109564.76,18.28,526607.86,417043.1,119764.42,9.5,6,20517.45,79.19,0.29,SAFE
Wheat,Bihar,4.96,3.79,26387.19,205601.14,18.8,496079.17,290478.03,75923.21,10.62,12,6696.77,58.55,0.26,SAFE
Wheat,Punjab,3.43,2.15,25915.15,63351.07,7.37,190994.66,127643.59,142706.09,7.55,12,12384.11,66.83,1.12,SAFE
Rice,Madhya Pradesh,7.85,1.81,27178.5,83690.89,14.21,386206.49,302515.6,111179.6,11.42,12,9848.03,78.33,0.37,SAFE
Rice,Bihar,5.11,2.16,20582.3,122622.65,11.04,227228.59,104605.94,73299.06,11.4,12,6491.98,46.04,0.7,MODERATE
Rice,Madhya Pradesh,4.94,3.74,29473.27,203592.46,18.48,544666.03,341073.57,205370.56,7.07,9,23496.42,62.62,0.6,SAFE
Rice,Bihar,9.68,1.68,18435.18,190642.04,16.26,299756.03,109113.99,126865.74,10.65,9,14729.08,36.4,1.16,MODERATE
Rice,Madhya Pradesh,5.26,3.58,29495.09,162678.15,18.83,555392.54,392714.39,71481.58,11.05,6,12300.49,70.71,0.18,SAFE
Wheat,Bihar,2.13,2.63,23255.13,66699.48,5.6,130228.73,63529.25,254075.89,11.96,6,43835.36,48.78,4.0,RISKY
Rice,Uttar Pradesh,9.37,1.59,23400.58,180008.61,14.9,348668.64,168660.03,40869.51,8.12,9,4696.08,48.37,0.24,SAFE
Rice,Haryana,2.46,3.49,22880.96,80870.35,8.59,196547.45,115677.1,294608.84,7.22,9,33726.95,58.85,2.55,MODERATE
Wheat,Uttar Pradesh,5.14,3.03,20557.8,79718.79,15.57,320084.95,240366.16,44013.24,11.11,12,3892.22,75.09,0.18,SAFE
Rice,Haryana,4.23,3.64,22102.16,152725.26,15.4,340373.26,187648.0,117379.25,10.16,6,20147.0,55.13,0.63,SAFE
Wheat,Bihar,4.03,1.52,18709.01,101802.7,6.13,114686.23,12883.53,252993.61,7.91,9,29044.99,11.23,19.64,RISKY
Rice,Punjab,9.7,3.85,29611.63,221566.91,37.34,1105698.26,884131.35,164890.39,10.57,9,19137.48,79.96,0.19,SAFE
Rice,Bihar,6.96,3.98,23922.21,197049.22,27.7,662645.22,465596.0,218044.57,8.88,9,25132.39,70.26,0.47,SAFE
Wheat,Bihar,7.02,2.07,18559.89,191828.85,14.53,269675.2,77846.35,102610.45,7.07,6,17456.12,28.87,1.32,MODERATE
Wheat,Uttar Pradesh,5.89,3.56,21092.55,168041.86,20.97,442310.77,274268.91,43423.23,11.52,12,3848.36,62.01,0.16,SAFE
Wheat,Punjab,1.48,3.14,25155.05,82879.32,4.65,116970.98,34091.66,257581.53,10.81,9,29924.68,29.15,7.56,RISKY
Rice,Bihar,5.96,3.39,19268.28,164459.25,20.2,389219.26,224760.01,295222.14,9.86,9,34164.8,57.75,1.31,SAFE
Wheat,Uttar Pradesh,4.31,1.64,21561.58,91964.62,7.07,152440.37,60475.75,226670.47,11.69,9,26428.21,39.67,3.75,MODERATE
Wheat,Uttar Pradesh,3.01,2.84,18816.39,136030.63,8.55,160880.13,24849.5,165796.33,8.88,12,14489.91,15.45,6.67,RISKY
Rice,Punjab,4.37,3.28,23334.63,225108.21,14.33,334385.25,109277.04,173572.01,8.15,9,19946.6,32.68,1.59,MODERATE
Rice,Uttar Pradesh,7.54,2.05,18145.65,50646.82,15.46,280531.75,229884.93,267349.83,10.7,6,45959.18,81.95,1.16,SAFE
Rice,Punjab,3.36,2.69,27910.45,140659.46,9.04,252310.47,111651.01,178160.95,10.19,6,30582.23,44.25,1.6,MODERATE
Rice,Uttar Pradesh,6.71,3.79,22265.89,196133.8,25.43,566221.58,370087.78,146002.5,11.71,9,17024.27,65.36,0.39,SAFE
Rice,Haryana,8.98,2.76,29702.7,107991.04,24.78,736032.91,628041.87,164018.94,7.38,12,14220.77,85.33,0.26,SAFE
Rice,Bihar,9.64,3.41,24719.73,201492.52,32.87,812537.53,611045.01,254943.53,8.71,6,43576.53,75.2,0.42,SAFE
Rice,Madhya Pradesh,5.65,1.7,18963.54,200334.31,9.61,182239.62,-18094.69,252694.42,8.55,9,29086.87,-9.93,999.0,RISKY
Rice,Bihar,8.2,2.92,29165.13,147316.61,23.94,698213.21,550896.6,120728.49,11.86,12,10718.67,78.9,0.22,SAFE
Wheat,Bihar,5.96,1.78,19601.49,131216.33,10.61,207971.81,76755.48,91656.75,8.08,12,7976.47,36.91,1.19,MODERATE
Rice,Uttar Pradesh,8.62,2.9,20608.28,249802.01,25.0,515207.0,265404.99,75112.17,10.26,12,6612.64,51.51,0.28,SAFE
Wheat,Haryana,4.49,2.22,22547.56,246125.39,9.97,224799.17,-21326.22,260059.49,7.41,12,22551.29,-9.49,999.0,RISKY
Rice,Bihar,8.31,2.7,29272.48,62792.02,22.44,656874.45,594082.43,299295.96,11.59,9,34881.63,90.44,0.5,SAFE
Wheat,Bihar,5.52,3.92,23528.71,158602.01,21.64,509161.28,350559.27,194205.03,7.81,12,16876.53,68.85,0.55,SAFE
Wheat,Uttar Pradesh,5.85,2.74,28239.63,241202.46,16.03,452681.27,211478.81,294264.56,7.06,12,25469.89,46.72,1.39,SAFE
Rice,Haryana,2.86,1.85,24744.24,82122.21,5.29,130897.03,48774.82,140357.49,7.89,9,16112.45,37.26,2.88,RISKY
Wheat,Uttar Pradesh,9.58,2.99,20479.07,70460.54,28.64,586520.56,516060.02,292488.17,7.12,12,25324.23,87.99,0.57,SAFE
Rice,Punjab,1.55,3.62,18606.24,183632.59,5.61,104381.01,-79251.58,170394.0,8.32,9,19595.05,-75.93,999.0,RISKY
Rice,Punjab,3.57,1.88,23464.7,58082.98,6.71,157448.14,99365.16,237639.4,7.82,12,20652.11,63.11,2.39,MODERATE
Rice,Madhya Pradesh,4.02,2.53,23358.81,58616.23,10.17,237559.1,178942.87,241194.55,11.14,9,28058.66,75.33,1.35,SAFE
Wheat,Uttar Pradesh,1.1,1.72,29738.26,207719.96,1.89,56205.31,-151514.65,178551.11,10.39,6,30666.8,-269.57,999.0,RISKY
Rice,Haryana,7.58,2.64,21479.43,180770.51,20.01,429803.39,249032.88,263655.39,7.36,12,22857.02,57.94,1.06,SAFE
Wheat,Uttar Pradesh,4.65,3.17,21500.34,161163.77,14.74,316915.01,155751.24,58969.68,10.76,9,6849.44,49.15,0.38,SAFE
Wheat,Madhya Pradesh,7.22,2.97,22246.77,232253.22,21.44,476970.75,244717.53,83214.93,7.38,9,9532.75,51.31,0.34,SAFE
Wheat,Uttar Pradesh,1.36,3.91,19434.26,249412.09,5.32,103390.26,-146021.83,226495.76,8.63,12,19768.55,-141.23,999.0,RISKY
Wheat,Bihar,8.95,1.5,25816.22,85550.43,13.42,346453.67,260903.24,33511.08,7.88,9,3846.77,75.31,0.13,SAFE
Wheat,Punjab,1.31,3.53,23027.55,137503.86,4.62,106387.28,-31116.58,156824.07,11.79,9,18292.05,-29.25,999.0,RISKY
Rice,Haryana,2.31,3.21,26198.51,161863.61,7.42,194392.94,32529.33,128028.49,7.07,12,11082.02,16.73,3.94,RISKY
Rice,Madhya Pradesh,4.09,3.27,22604.87,119109.79,13.37,302227.11,183117.32,116640.24,10.79,6,20056.4,60.59,0.64,SAFE
Wheat,Punjab,4.27,2.1,26971.65,232476.93,8.97,241935.7,9458.77,198308.6,9.9,12,17425.25,3.91,20.97,RISKY
Wheat,Punjab,3.86,3.91,23207.01,102151.56,15.09,350193.78,248042.22,266747.08,11.28,9,31048.95,70.83,1.08,SAFE
Wheat,Uttar Pradesh,5.42,3.52,26127.91,133018.92,19.08,498520.52,365501.6,103410.43,11.21,6,17802.95,73.32,0.28,SAFE
Rice,Uttar Pradesh,8.68,2.74,28016.61,183065.11,23.78,666234.99,483169.88,217495.95,8.1,6,37110.52,72.52,0.45,SAFE
Rice,Uttar Pradesh,4.32,3.77,22222.78,64155.94,16.29,362009.09,297853.15,48851.25,11.18,6,8409.42,82.28,0.16,SAFE
Rice,Uttar Pradesh,3.81,2.44,23173.67,158476.68,9.3,215515.13,57038.45,49292.88,10.95,6,8479.85,26.47,0.86,MODERATE
Wheat,Punjab,9.63,3.31,19668.57,123918.0,31.88,627034.01,503116.01,292404.63,7.91,12,25423.65,80.24,0.58,SAFE
Wheat,Haryana,5.69,2.13,21572.04,52469.97,12.12,261453.12,208983.15,168375.4,7.87,6,28710.23,79.93,0.81,SAFE
Wheat,Punjab,4.41,1.64,25708.34,228519.78,7.23,185871.3,-42648.48,64551.88,7.35,12,5595.88,-22.95,999.0,RISKY
Rice,Uttar Pradesh,9.09,3.21,21201.6,176775.89,29.18,618662.69,441886.8,269127.79,7.62,9,30860.52,71.43,0.61,SAFE
Wheat,Bihar,5.02,2.29,19734.67,228720.38,11.5,226948.7,-1771.68,193312.85,9.43,9,22331.97,-0.78,999.0,RISKY
Wheat,Madhya Pradesh,6.23,2.2,18702.88,149852.31,13.71,256416.48,106564.17,208979.18,9.43,12,18317.24,41.56,1.96,MODERATE
Rice,Uttar Pradesh,2.58,3.97,18201.55,189175.48,10.24,186383.87,-2791.61,112571.54,7.8,12,9782.01,-1.5,999.0,RISKY
Rice,Punjab,6.77,1.51,19462.8,122302.27,10.22,198909.82,76607.55,123195.97,10.98,12,10887.11,38.51,1.61,MODERATE
Rice,Bihar,5.96,2.77,19507.54,191444.11,16.51,322069.49,130625.38,163667.76,10.46,12,14424.04,40.56,1.25,SAFE
Wheat,Uttar Pradesh,8.81,3.91,18806.17,109094.62,34.45,647872.56,538777.94,255944.17,9.51,9,29576.97,83.16,0.48,SAFE
Wheat,Punjab,2.14,3.72,23408.74,177360.05,7.96,186333.57,8973.52,105502.85,8.25,6,18009.33,4.82,11.76,RISKY
Wheat,Haryana,1.51,3.53,27150.22,188217.36,5.33,144710.67,-43506.69,142487.88,7.77,6,24289.06,-30.06,999.0,RISKY
Rice,Madhya Pradesh,2.94,3.59,28219.3,81908.84,10.55,297713.61,215804.77,56443.58,11.64,12,5005.44,72.49,0.26,SAFE
Wheat,Haryana,9.42,3.59,21182.66,167282.85,33.82,716397.56,549114.71,157664.06,11.65,6,27177.41,76.65,0.29,SAFE
Wheat,Punjab,8.08,3.96,26009.53,92903.6,32.0,832304.96,739401.36,91985.36,7.25,12,7969.8,88.84,0.12,SAFE
Rice,Bihar,3.89,2.74,28002.01,67193.46,10.66,298501.43,231307.97,296645.0,8.73,6,50707.32,77.49,1.28,SAFE
Wheat,Madhya Pradesh,2.38,3.08,20255.0,230746.71,7.33,148469.15,-82277.56,123650.44,8.91,6,21147.27,-55.42,999.0,RISKY
Rice,Haryana,6.73,2.83,19783.26,156490.34,19.05,376871.1,220380.76,106448.42,7.59,12,9239.61,58.48,0.48,SAFE
Wheat,Haryana,6.39,3.34,18758.75,125734.08,21.34,400311.72,274577.64,77519.02,11.01,12,6851.62,68.59,0.28,SAFE
Rice,Uttar Pradesh,7.95,3.36,23916.53,163801.41,26.71,638810.52,475009.11,262965.49,11.96,6,45369.07,74.36,0.55,SAFE
Rice,Madhya Pradesh,1.47,1.85,20321.78,113306.92,2.72,55275.24,-58031.68,228262.56,8.69,6,39013.81,-104.99,999.0,RISKY
Rice,Madhya Pradesh,9.15,3.76,27387.65,142162.36,34.4,942135.16,799972.8,218073.9,7.09,12,18878.27,84.91,0.27,SAFE
Rice,Uttar Pradesh,2.13,3.62,21708.98,89778.84,7.71,167376.24,77597.4,86551.4,8.05,12,7530.97,46.36,1.12,MODERATE
Wheat,Haryana,9.35,1.6,19127.91,223832.31,14.96,286153.53,62321.22,225747.63,10.28,9,26169.68,21.78,3.62,MODERATE
Rice,Madhya Pradesh,7.45,2.96,27814.93,215144.69,22.05,613319.21,398174.52,232181.02,9.02,9,26777.14,64.92,0.58,SAFE
Wheat,Uttar Pradesh,3.86,3.83,24485.0,52507.59,14.78,361888.3,309380.71,157851.84,11.22,9,18369.22,85.49,0.51,SAFE
Wheat,Bihar,7.7,2.17,27918.69,249160.6,16.71,466521.31,217360.71,63572.7,11.95,12,5646.87,46.59,0.29,SAFE
Wheat,Punjab,3.7,2.39,28524.35,216646.35,8.84,252155.25,35508.9,158950.41,8.61,12,13871.72,14.08,4.48,RISKY
Wheat,Uttar Pradesh,8.47,3.21,23836.65,202627.59,27.19,648118.51,445490.92,284618.58,11.91,12,25276.03,68.74,0.64,SAFE
Wheat,Haryana,9.22,3.95,29247.59,189653.55,36.42,1065197.23,875543.68,40832.99,9.21,12,3574.88,82.2,0.05,SAFE
Wheat,Punjab,3.26,2.92,22994.65,154369.16,9.52,218909.07,64539.91,149670.22,7.74,9,17170.94,29.48,2.32,MODERATE
Wheat,Madhya Pradesh,7.13,2.69,28777.71,61715.89,19.18,551956.48,490240.59,37309.47,8.47,9,4293.17,88.82,0.08,SAFE
Rice,Bihar,2.39,3.58,28178.38,191332.84,8.56,241206.93,49874.09,258270.42,10.49,6,44371.62,20.68,5.18,RISKY
Rice,Haryana,5.57,3.86,21346.04,244589.63,21.5,458939.86,214350.23,55046.12,9.89,9,6371.03,46.71,0.26,SAFE
Rice,Madhya Pradesh,7.05,2.12,25976.89,151258.37,14.95,388354.51,237096.14,236973.53,7.55,12,20564.68,61.05,1.0,SAFE
Rice,Haryana,7.98,1.64,21189.98,148834.26,13.09,277376.84,128542.58,183145.72,8.59,12,15981.56,46.34,1.42,SAFE
Wheat,Uttar Pradesh,2.11,3.04,24839.48,217514.19,6.41,159221.07,-58293.12,111612.45,11.76,6,19245.31,-36.61,999.0,RISKY
Wheat,Bihar,7.7,2.37,25979.13,244401.72,18.25,474119.12,229717.4,238480.34,7.92,6,40669.91,48.45,1.04,SAFE
Wheat,Bihar,1.32,3.39,25938.59,80417.4,4.47,115945.5,35528.1,198427.65,9.72,12,17419.11,30.64,5.59,RISKY
Wheat,Madhya Pradesh,9.69,3.98,23961.91,224100.49,38.57,924210.87,700110.38,113732.18,9.22,12,9957.65,75.75,0.16,SAFE
Rice,Haryana,9.6,3.17,21439.36,78623.36,30.43,652399.72,573776.36,36029.09,9.51,12,3159.32,87.95,0.06,SAFE
Wheat,Bihar,9.27,3.23,23104.36,151386.62,29.94,691744.54,540357.92,190819.49,7.48,12,16553.24,78.12,0.35,SAFE
Wheat,Bihar,2.15,3.67,22920.46,165760.77,7.89,180842.43,15081.66,47297.12,9.81,6,8109.93,8.34,3.14,RISKY
Wheat,Uttar Pradesh,1.86,3.18,18396.08,104107.94,5.91,108720.83,4612.89,133128.69,11.14,6,22914.6,4.24,28.86,RISKY
Rice,Bihar,6.11,2.92,24427.63,156750.48,17.84,435788.92,279038.44,141915.81,10.1,9,16439.43,64.03,0.51,SAFE
Wheat,Bihar,8.53,2.27,23546.49,229933.51,19.36,455860.05,225926.54,186427.12,7.73,9,21387.0,49.56,0.83,SAFE
Wheat,Bihar,3.54,3.94,28830.13,188780.1,13.95,402180.31,213400.21,85711.82,7.55,9,9825.64,53.06,0.4,SAFE
Wheat,Bihar,6.93,3.5,28274.23,77421.41,24.25,685650.08,608228.67,139768.11,11.49,6,24081.55,88.71,0.23,SAFE
Wheat,Madhya Pradesh,1.8,3.14,18111.07,179329.83,5.65,102327.55,-77002.28,34150.15,7.14,12,2957.11,-75.25,999.0,RISKY
Rice,Madhya Pradesh,2.74,3.35,25293.42,71618.07,9.18,232193.6,160575.53,196664.95,9.06,9,22684.83,69.16,1.22,SAFE
Wheat,Haryana,4.14,2.54,25378.96,95679.35,10.52,266986.66,171307.31,178597.93,10.18,6,30656.35,64.16,1.04,SAFE
Wheat,Bihar,2.67,1.59,20875.06,184082.87,4.25,88719.01,-95363.86,103585.63,10.08,6,17775.38,-107.49,999.0,RISKY
Wheat,Madhya Pradesh,2.37,1.89,21470.17,68417.31,4.48,96186.36,27769.05,60044.5,9.46,6,10285.34,28.87,2.16,RISKY
Wheat,Uttar Pradesh,6.94,2.33,20738.78,162899.8,16.17,335346.07,172446.27,263927.74,8.82,12,23058.85,51.42,1.53,SAFE
Rice,Bihar,6.47,2.44,22854.47,126150.35,15.79,360872.08,234721.73,83704.96,9.12,9,9657.54,65.04,0.36,SAFE
Rice,Madhya Pradesh,3.76,2.39,22773.7,243296.49,8.99,204735.56,-38560.93,283793.47,9.62,6,48634.87,-18.83,999.0,RISKY
Wheat,Bihar,5.8,1.63,23315.37,55051.3,9.45,220330.25,165278.95,160456.27,9.76,6,27509.13,75.01,0.97,SAFE
Wheat,Bihar,8.64,3.01,20755.04,56655.2,26.01,539838.59,483183.39,280380.24,9.21,12,24546.98,89.51,0.58,SAFE
Wheat,Uttar Pradesh,1.26,3.16,28759.65,98774.56,3.98,114463.41,15688.85,56662.35,10.06,12,4983.1,13.71,3.61,RISKY
Rice,Haryana,7.37,2.47,20279.06,228556.64,18.2,369078.89,140522.25,285493.59,8.14,12,24853.12,38.07,2.03,MODERATE
Rice,Madhya Pradesh,5.81,1.99,24529.89,149827.43,11.56,283565.53,133738.1,59627.57,10.25,6,10237.14,47.16,0.45,SAFE
Wheat,Uttar Pradesh,8.71,3.58,20687.34,187900.94,31.18,645031.26,457130.32,275657.71,11.77,6,47532.96,70.87,0.6,SAFE
Wheat,Punjab,2.29,3.29,29226.09,206921.16,7.53,220072.46,13151.3,289220.58,7.07,6,49202.29,5.98,21.99,RISKY
Wheat,Punjab,4.26,3.16,28945.12,214079.02,13.46,389601.32,175522.3,231787.66,10.84,9,26931.36,45.05,1.32,SAFE
Rice,Uttar Pradesh,2.48,2.0,25822.91,84143.67,4.96,128081.63,43937.96,195059.01,8.25,9,22425.05,34.3,4.44,RISKY
Rice,Punjab,7.03,3.88,28809.25,129706.17,27.28,785916.34,656210.17,168925.19,7.04,9,19324.33,83.5,0.26,SAFE
Rice,Uttar Pradesh,9.35,1.68,28822.76,183266.22,15.71,452805.56,269539.34,112274.19,10.77,6,19304.54,59.53,0.42,SAFE
Rice,Bihar,8.85,3.01,18085.81,241634.66,26.64,481805.98,240171.32,117430.68,8.13,9,13493.83,49.85,0.49,SAFE
Rice,Uttar Pradesh,5.85,2.29,29416.22,137244.43,13.4,394177.35,256932.92,114095.21,9.56,12,10007.45,65.18,0.44,SAFE
Wheat,Haryana,3.33,1.54,22726.99,125666.98,5.13,116589.46,-9077.52,42712.3,9.46,9,4934.83,-7.79,999.0,RISKY
Wheat,Uttar Pradesh,6.64,3.41,26705.5,227424.48,22.64,604612.52,377188.04,115051.19,8.32,6,19643.2,62.39,0.31,SAFE
Wheat,Madhya Pradesh,5.63,3.03,20838.74,72542.6,17.06,355508.9,282966.3,197800.04,10.68,9,22967.35,79.59,0.7,SAFE
Rice,Uttar Pradesh,5.99,3.48,27142.23,137982.31,20.85,565915.5,427933.19,152140.28,7.47,9,17434.98,75.62,0.36,SAFE
Rice,Haryana,1.83,2.47,27741.4,235693.79,4.52,125391.13,-110302.66,298787.55,7.97,12,25986.92,-87.97,999.0,RISKY
Wheat,Madhya Pradesh,7.89,2.09,21445.07,109801.87,16.49,353629.2,243827.33,261003.42,10.7,12,23031.41,68.95,1.07,SAFE
Rice,Bihar,6.91,3.77,29382.85,160724.99,26.05,765423.24,604698.25,172865.6,8.36,6,29517.5,79.0,0.29,SAFE
Wheat,Punjab,7.64,3.13,25678.31,68492.0,23.91,613968.39,545476.39,261740.74,9.89,6,44890.42,88.84,0.48,SAFE
Wheat,Uttar Pradesh,6.27,3.8,29427.08,90183.06,23.83,701247.32,611064.26,44269.16,9.4,9,5113.45,87.14,0.07,SAFE
Wheat,Punjab,2.62,3.25,26059.18,146185.98,8.52,222024.21,75838.23,77251.62,10.47,6,13271.29,34.16,1.02,MODERATE
Rice,Uttar Pradesh,4.47,3.54,19735.5,86857.48,15.82,312215.61,225358.13,111642.07,8.7,12,9747.74,72.18,0.5,SAFE
Wheat,Bihar,8.92,2.84,28852.4,223744.06,25.33,730831.29,507087.23,245902.48,10.23,12,21645.05,69.38,0.48,SAFE
Rice,Punjab,2.99,2.68,18379.11,141134.53,8.01,147216.67,6082.14,142850.32,11.76,6,24631.65,4.13,23.49,RISKY
Rice,Punjab,5.52,2.3,19336.55,244929.45,12.7,245574.18,644.73,112112.21,10.17,9,12990.71,0.26,173.89,RISKY
Rice,Uttar Pradesh,3.74,2.43,19935.8,77685.77,9.09,181216.42,103530.65,254004.08,8.99,9,29290.37,57.13,2.45,MODERATE
Rice,Bihar,5.16,3.79,29508.31,61676.45,19.56,577182.54,515506.09,223465.51,8.16,12,19455.45,89.31,0.43,SAFE
Rice,Uttar Pradesh,1.62,2.95,26072.69,190937.88,4.78,124627.46,-66310.42,149159.19,9.56,9,17240.39,-53.21,999.0,RISKY
Wheat,Haryana,8.3,1.56,23722.44,143096.64,12.95,307205.6,164108.96,266042.21,10.15,12,23407.9,53.42,1.62,SAFE
Wheat,Bihar,6.76,2.91,24217.23,230859.06,19.67,476352.91,245493.85,95446.22,7.62,12,8285.96,51.54,0.39,SAFE
Wheat,Punjab,2.62,3.8,21661.87,196027.02,9.96,215752.23,19725.21,131081.48,10.44,9,15205.49,9.14,6.65,RISKY
Rice,Bihar,2.85,3.17,26959.48,216548.95,9.03,243444.1,26895.15,116467.2,7.81,12,10121.07,11.05,4.33,RISKY
Rice,Punjab,6.57,2.73,20535.19,118335.71,17.94,368401.31,250065.6,100063.99,11.39,9,11652.52,67.88,0.4,SAFE
Rice,Punjab,9.52,3.99,22775.77,76233.8,37.98,865023.74,788789.94,112121.53,11.04,12,9911.58,91.19,0.14,SAFE
Rice,Madhya Pradesh,7.71,2.82,26743.04,74328.87,21.74,581393.69,507064.82,99354.26,10.75,9,11539.71,87.22,0.2,SAFE
Wheat,Madhya Pradesh,9.21,1.98,22128.59,186441.57,18.24,403625.48,217183.91,71569.73,8.3,9,8229.73,53.81,0.33,SAFE
Wheat,Punjab,1.03,3.7,20956.81,124200.97,3.81,79845.45,-44355.52,61363.7,9.31,9,7085.4,-55.55,999.0,RISKY
Wheat,Madhya Pradesh,5.45,2.96,23883.63,87900.04,16.13,385242.95,297342.91,213967.17,8.94,6,36596.81,77.18,0.72,SAFE
Rice,Haryana,2.71,3.04,28457.16,168173.0,8.24,234487.0,66314.0,161271.75,8.05,9,18525.48,28.28,2.43,MODERATE
Rice,Uttar Pradesh,8.2,3.73,29163.53,130046.26,30.59,892112.38,762066.12,190677.47,8.04,6,32528.96,85.42,0.25,SAFE
Rice,Haryana,4.81,2.04,24576.55,185908.42,9.81,241095.96,55187.54,296895.21,7.06,6,50506.44,22.89,5.38,RISKY
Rice,Punjab,9.62,3.39,26793.76,170381.64,32.61,873744.51,703362.87,207088.93,8.97,6,35423.42,80.5,0.29,SAFE
Rice,Haryana,9.61,2.45,22181.46,216899.28,23.54,522151.57,305252.29,49571.87,7.39,12,4298.21,58.46,0.16,SAFE
Wheat,Bihar,6.75,2.37,24476.78,90336.45,16.0,391628.48,301292.03,164099.93,11.0,9,19079.19,76.93,0.54,SAFE
Wheat,Madhya Pradesh,6.05,2.86,19376.93,202261.78,17.3,335220.89,132959.11,173285.67,9.29,12,15177.4,39.66,1.3,SAFE
Wheat,Bihar,3.99,2.54,27483.6,149391.5,10.13,278408.87,129017.37,58849.64,11.93,12,5226.79,46.34,0.46,SAFE
Wheat,Uttar Pradesh,8.46,1.63,23391.05,79215.28,13.79,322562.58,243347.3,227834.79,11.27,12,20165.12,75.44,0.94,SAFE
Wheat,Punjab,6.15,1.96,18407.27,98251.29,12.05,221807.6,123556.31,265866.64,8.7,6,45442.27,55.7,2.15,MODERATE
Rice,Madhya Pradesh,6.71,3.84,24139.07,99475.02,25.77,622063.83,522588.81,108247.63,8.66,12,9449.36,84.01,0.21,SAFE
Wheat,Madhya Pradesh,1.91,2.85,18525.68,118715.47,5.44,100779.7,-17935.77,211295.33,7.53,6,35993.35,-17.8,999.0,RISKY
Rice,Haryana,9.35,1.61,22228.99,53034.01,15.05,334546.3,281512.29,84321.44,11.25,9,9813.69,84.15,0.3,SAFE
Wheat,Uttar Pradesh,9.26,3.0,23912.25,123452.72,27.78,664282.31,540829.59,286951.25,8.14,9,32974.6,81.42,0.53,SAFE
Rice,Bihar,5.59,3.81,29367.19,152039.18,21.3,625521.15,473481.97,275687.66,9.85,9,31902.85,75.69,0.58,SAFE
Rice,Punjab,7.32,3.68,19161.26,195448.9,26.94,516204.34,320755.44,97853.41,10.16,9,11338.05,62.14,0.31,SAFE
Wheat,Uttar Pradesh,8.51,2.63,29597.28,194714.72,22.38,662387.13,467672.41,254694.15,7.66,6,43402.44,70.6,0.54,SAFE
Wheat,Punjab,9.54,3.86,28208.79,151356.96,36.82,1038647.65,887290.69,251411.14,8.02,9,28876.34,85.43,0.28,SAFE
Wheat,Madhya Pradesh,5.22,3.35,23516.47,231848.57,17.49,411303.06,179454.49,243754.01,9.71,6,41783.95,43.63,1.36,SAFE
Rice,Haryana,8.24,1.91,22952.37,50336.23,15.74,361270.3,310934.07,226425.51,10.82,9,26306.19,86.07,0.73,SAFE
Wheat,Haryana,4.49,2.44,21482.39,194616.94,10.96,235446.99,40830.05,95015.98,9.28,12,8321.63,17.34,2.33,RISKY
Rice,Uttar Pradesh,4.76,3.3,25333.53,222539.42,15.71,397989.76,175450.34,196052.43,8.62,9,22573.46,44.08,1.12,SAFE
Wheat,Bihar,5.55,2.97,27114.55,113985.65,16.48,446847.78,332862.13,292511.0,9.71,9,33830.3,74.49,0.88,SAFE
Wheat,Bihar,1.01,2.19,19587.92,243852.3,2.21,43289.3,-200563.0,230866.56,11.49,6,39777.49,-463.31,999.0,RISKY
Rice,Punjab,6.83,2.96,22829.41,155584.5,20.22,461610.67,306026.17,46770.9,7.82,9,5367.56,66.3,0.15,SAFE
Rice,Madhya Pradesh,8.84,2.43,26662.81,209252.46,21.48,572717.16,363464.7,295210.35,8.67,6,50453.38,63.46,0.81,SAFE
Wheat,Bihar,7.99,3.78,26465.99,84737.51,30.2,799272.9,714535.39,259389.1,9.03,12,22687.57,89.4,0.36,SAFE
Wheat,Bihar,3.71,2.29,24089.77,140061.95,8.5,204763.05,64701.1,220957.07,8.67,9,25446.2,31.6,3.42,MODERATE
Wheat,Haryana,7.08,2.69,22075.0,141481.19,19.05,420528.75,279047.56,225779.57,9.24,12,19769.89,66.36,0.81,SAFE
Wheat,Punjab,9.22,2.48,18712.48,210015.76,22.87,427954.42,217938.66,35663.43,11.57,6,6146.09,50.93,0.16,SAFE
Wheat,Bihar,5.32,2.26,22065.27,217288.17,12.02,265224.55,47936.38,157391.59,10.71,9,18277.6,18.07,3.28,RISKY
Rice,Haryana,6.4,3.22,20545.21,218503.18,20.61,423436.78,204933.6,163597.98,7.81,6,27890.79,48.4,0.8,SAFE
Wheat,Haryana,4.96,3.75,27503.05,131984.64,18.6,511556.73,379572.09,118923.02,9.09,6,20349.3,74.2,0.31,SAFE
Rice,Haryana,8.8,3.04,28816.18,185933.82,26.75,770832.82,584899.0,96990.47,10.94,6,16684.78,75.88,0.17,SAFE
Wheat,Madhya Pradesh,5.92,1.73,27356.88,87528.97,10.24,280134.45,192605.48,75144.29,11.51,9,8754.88,68.75,0.39,SAFE
Wheat,Punjab,7.98,2.97,24165.47,188559.73,23.7,572721.64,384161.91,49011.07,9.29,12,4292.68,67.08,0.13,SAFE
Rice,Punjab,8.58,3.53,23464.38,142697.08,30.29,710736.07,568038.99,181867.29,9.44,9,21010.61,79.92,0.32,SAFE
Rice,Punjab,3.38,2.76,27471.77,76896.28,9.33,256311.61,179415.33,273264.34,7.7,9,31345.15,70.0,1.52,SAFE
Wheat,Haryana,1.87,3.98,20347.7,124736.4,7.44,151386.89,26650.49,128912.46,9.32,12,11292.72,17.6,4.84,RISKY
Rice,Haryana,7.91,3.16,24378.66,151317.47,25.0,609466.5,458149.03,89557.61,9.55,6,15344.77,75.17,0.2,SAFE
Rice,Bihar,2.46,2.67,21657.15,93361.88,6.57,142287.48,48925.6,114424.9,8.82,9,13185.67,34.39,2.34,RISKY
Wheat,Bihar,6.07,2.13,23903.12,225092.33,12.93,309067.34,83975.01,249807.85,7.09,12,21625.43,27.17,2.97,MODERATE
Wheat,Punjab,3.29,2.58,21292.39,234259.13,8.49,180772.39,-53486.74,130603.35,11.53,9,15217.53,-29.59,999.0,RISKY
Rice,Punjab,3.0,1.77,28666.71,172004.64,5.31,152220.23,-19784.41,85466.26,11.03,12,7554.85,-13.0,999.0,RISKY
Rice,Bihar,1.97,3.38,28788.88,240068.44,6.66,191733.94,-48334.5,212122.79,8.19,9,24380.79,-25.21,999.0,RISKY
Rice,Bihar,2.34,2.43,28651.39,248193.65,5.69,163026.41,-85167.24,151679.84,9.58,12,13305.46,-52.24,999.0,RISKY
Wheat,Madhya Pradesh,2.7,1.66,26356.41,64500.45,4.48,118076.72,53576.27,184116.49,7.05,6,31320.14,45.37,3.44,MODERATE
Rice,Punjab,1.3,1.6,22089.89,74526.37,2.08,45946.97,-28579.4,229499.33,11.39,12,20325.3,-62.2,999.0,RISKY
Rice,Punjab,9.65,3.21,20129.36,226387.48,30.98,623607.57,397220.09,193891.28,11.57,12,17188.03,63.7,0.49,SAFE
Rice,Punjab,8.16,1.65,20142.72,186493.44,13.46,271121.01,84627.57,39434.48,11.57,6,6795.98,31.21,0.47,MODERATE
Rice,Punjab,9.45,3.32,28251.9,75807.18,31.37,886262.1,810454.92,261916.78,10.89,6,45049.76,91.45,0.32,SAFE
Rice,Haryana,7.77,1.69,18095.82,236481.36,13.13,237598.12,1116.76,227751.18,10.98,6,39183.38,0.47,203.94,RISKY
Wheat,Madhya Pradesh,8.39,2.61,26706.16,101224.19,21.9,584864.9,483640.71,91944.64,8.86,6,15722.53,82.69,0.19,SAFE
Wheat,Madhya Pradesh,5.74,2.97,23645.88,82084.15,17.05,403162.25,321078.1,254525.78,7.05,9,29117.87,79.64,0.79,SAFE
Rice,Madhya Pradesh,7.55,2.05,19179.04,179051.89,15.48,296891.54,117839.65,90357.49,9.19,12,7909.86,39.69,0.77,MODERATE
Rice,Uttar Pradesh,7.28,2.84,29171.93,214348.31,20.68,603275.51,388927.2,197992.58,10.4,12,17443.55,64.47,0.51,SAFE
Wheat,Uttar Pradesh,4.04,3.3,23484.37,89953.94,13.33,313046.65,223092.71,164203.01,11.41,9,19123.11,71.27,0.74,SAFE
Rice,Uttar Pradesh,3.96,3.45,22914.46,238036.97,13.66,313011.52,74974.55,299566.05,9.74,12,26300.4,23.95,4.0,RISKY
Rice,Uttar Pradesh,4.36,2.66,23907.71,235347.27,11.6,277329.44,41982.17,256368.24,8.46,12,22355.63,15.14,6.11,RISKY
Wheat,Bihar,6.02,2.85,27649.14,143599.87,17.16,474459.24,330859.37,158767.33,11.08,9,18465.21,69.73,0.48,SAFE
Wheat,Madhya Pradesh,4.97,3.61,23229.53,155368.74,17.94,416737.77,261369.03,113238.28,9.34,6,19390.5,62.72,0.43,SAFE
Wheat,Madhya Pradesh,6.05,3.27,27568.21,75658.18,19.78,545299.19,469641.01,44012.65,8.62,6,7520.97,86.13,0.09,SAFE
Rice,Bihar,7.01,2.79,29492.28,232998.11,19.56,576869.0,343870.89,55460.1,8.56,9,6384.1,59.61,0.16,SAFE
Rice,Madhya Pradesh,1.55,1.8,21614.33,103179.47,2.79,60303.98,-42875.49,296143.67,8.44,9,34072.82,-71.1,999.0,RISKY
Wheat,Punjab,6.31,2.93,23004.51,188798.89,18.49,425353.39,236554.5,247809.92,11.62,9,28884.69,55.61,1.05,SAFE
Rice,Madhya Pradesh,7.99,2.88,20731.39,240457.55,23.01,477029.28,236571.73,214040.3,11.18,12,18935.21,49.59,0.9,SAFE
Rice,Bihar,2.27,1.8,20150.9,115547.75,4.09,82417.18,-33130.57,74670.31,9.95,9,8644.46,-40.2,999.0,RISKY
Wheat,Haryana,3.62,2.88,28633.34,231126.74,10.43,298645.74,67519.0,47041.89,10.39,9,5455.76,22.61,0.7,MODERATE
Rice,Haryana,7.6,2.84,19460.09,93350.22,21.58,419948.74,326598.52,130481.69,8.74,12,11395.09,77.77,0.4,SAFE
Wheat,Haryana,4.15,2.44,25184.22,78866.27,10.13,255116.15,176249.88,106327.54,9.21,9,12272.16,69.09,0.6,SAFE
Wheat,Uttar Pradesh,9.54,3.72,22141.02,173466.16,35.49,785784.8,612318.64,98768.61,7.94,12,8588.99,77.92,0.16,SAFE
Rice,Haryana,5.04,3.55,28403.19,67304.9,17.89,508133.07,440828.17,248372.45,11.98,9,28992.73,86.75,0.56,SAFE
Rice,Bihar,3.54,1.84,24957.87,123335.1,6.51,162475.73,39140.63,259028.69,9.98,6,44436.77,24.09,6.62,RISKY
Rice,Haryana,8.41,3.02,19493.92,172947.9,25.4,495145.57,322197.67,179267.13,10.73,12,15821.36,65.07,0.56,SAFE
Wheat,Haryana,5.36,2.56,20784.99,204623.23,13.72,285170.06,80546.83,105827.93,8.62,12,9236.17,28.25,1.31,MODERATE
Wheat,Madhya Pradesh,6.42,1.65,22596.05,158653.17,10.59,239292.17,80639.0,259523.46,8.21,9,29831.34,33.7,3.22,MODERATE
Wheat,Haryana,8.46,2.69,18735.18,188895.61,22.76,426412.7,237517.09,84946.76,8.22,12,7398.03,55.7,0.36,SAFE
Wheat,Madhya Pradesh,4.08,3.05,19279.39,205418.74,12.44,239835.61,34416.87,148051.17,8.65,6,25301.46,14.35,4.3,RISKY
Rice,Punjab,4.67,3.46,26553.7,215156.38,16.16,429107.79,213951.41,260909.23,8.29,9,30000.47,49.86,1.22,SAFE
Wheat,Haryana,5.29,1.75,28765.91,136104.72,9.26,266372.33,130267.61,99293.82,7.71,9,11390.1,48.9,0.76,SAFE
Wheat,Madhya Pradesh,1.42,2.62,21665.52,197015.83,3.72,80595.73,-116420.1,39706.5,9.23,9,4583.24,-144.45,999.0,RISKY
Rice,Punjab,2.63,3.63,19597.47,116945.46,9.55,187155.84,70210.38,133720.16,11.35,12,11840.25,37.51,1.9,MODERATE
Wheat,Haryana,8.83,3.61,20095.06,126957.37,31.88,640630.51,513673.14,214469.44,10.13,12,18868.24,80.18,0.42,SAFE
Rice,Bihar,6.78,1.82,23343.65,57301.71,12.34,288060.64,230758.93,210297.31,8.69,9,24220.56,80.11,0.91,SAFE
Wheat,Bihar,8.28,3.65,20528.62,154757.7,30.22,620374.9,465617.2,200091.34,9.08,9,23081.95,75.05,0.43,SAFE
Wheat,Haryana,6.18,3.19,26102.96,62336.49,19.71,514489.34,452152.85,55221.28,10.19,12,4859.71,87.88,0.12,SAFE
Wheat,Haryana,3.44,3.55,28140.39,170714.19,12.21,343594.16,172879.97,110290.94,9.95,6,18918.95,50.32,0.64,SAFE
Wheat,Haryana,4.57,2.88,28003.35,244142.41,13.16,368524.09,124381.68,106412.09,10.2,12,9365.21,33.75,0.86,SAFE
Rice,Uttar Pradesh,9.48,3.57,27610.0,118301.16,33.84,934322.4,816021.24,71954.15,11.88,12,6389.0,87.34,0.09,SAFE
Rice,Haryana,4.5,2.7,23092.83,118654.43,12.15,280577.88,161923.45,70786.72,10.49,6,12161.37,57.71,0.44,SAFE
Wheat,Uttar Pradesh,6.34,3.86,24834.69,64295.78,24.47,607704.86,543409.08,53526.79,9.03,9,6173.43,89.42,0.1,SAFE
Rice,Punjab,9.28,1.51,21545.63,52617.0,14.01,301854.28,249237.28,277108.52,11.98,9,32347.12,82.57,1.11,SAFE
Rice,Punjab,4.02,3.71,19776.17,90421.52,14.91,294862.69,204441.17,263708.64,9.44,12,23115.55,69.33,1.29,SAFE
Wheat,Haryana,4.57,1.53,26071.78,96454.92,6.99,182241.74,85786.82,223219.14,10.15,6,38312.29,47.07,2.6,MODERATE
Wheat,Haryana,9.65,2.84,20391.71,135367.48,27.41,558936.77,423569.29,75342.15,8.48,12,6570.63,75.78,0.18,SAFE
Wheat,Bihar,2.22,2.7,18208.32,204695.42,5.99,109067.84,-95627.58,241839.3,8.21,9,27798.6,-87.68,999.0,RISKY
Wheat,Haryana,4.63,2.56,22167.3,130554.24,11.85,262682.51,132128.27,66554.02,10.08,6,11420.72,50.3,0.5,SAFE
Wheat,Haryana,2.12,2.12,29940.35,189170.6,4.49,134432.17,-54738.43,150590.04,9.79,9,17422.16,-40.72,999.0,RISKY
Wheat,Uttar Pradesh,5.79,3.66,24238.4,182162.98,21.19,513611.7,331448.72,84195.14,10.46,9,9767.46,64.53,0.25,SAFE
Wheat,Madhya Pradesh,2.59,2.59,26911.93,248271.48,6.71,180579.05,-67692.43,89435.23,8.97,12,7820.0,-37.49,999.0,RISKY
Rice,Haryana,8.0,2.99,28108.75,184938.37,23.92,672361.3,487422.93,227761.58,11.0,12,20129.95,72.49,0.47,SAFE
Wheat,Madhya Pradesh,8.21,3.81,20735.66,63914.54,31.28,648611.44,584696.9,147580.59,7.6,6,25144.86,90.15,0.25,SAFE
Rice,Madhya Pradesh,2.64,1.84,25802.68,94864.83,4.86,125401.02,30536.19,288591.24,7.3,6,49127.81,24.35,9.45,RISKY
Wheat,Punjab,4.64,3.11,22304.66,126566.06,14.43,321856.24,195290.18,62037.4,11.66,9,7232.25,60.68,0.32,SAFE
Wheat,Bihar,8.93,2.61,26835.49,221826.75,23.31,625535.27,403708.52,75939.22,10.81,9,8822.28,64.54,0.19,SAFE
Rice,Uttar Pradesh,1.19,2.67,29303.61,51144.41,3.18,93185.48,42041.07,264561.54,8.22,6,45156.75,45.12,6.29,RISKY
Wheat,Punjab,3.84,2.54,23255.98,80902.47,9.75,226745.8,145843.33,126724.72,8.08,9,14558.81,64.32,0.87,SAFE
Rice,Bihar,4.54,3.46,28937.54,230985.12,15.71,454608.75,223623.63,225067.37,11.31,9,26200.7,49.19,1.01,SAFE
Wheat,Bihar,2.72,1.9,20437.5,117005.61,5.17,105661.88,-11343.73,33895.32,7.68,12,2943.49,-10.74,999.0,RISKY
Rice,Haryana,3.53,3.63,29577.94,213950.46,12.81,378893.41,164942.95,255545.49,11.12,9,29725.71,43.53,1.55,SAFE
Rice,Haryana,1.59,2.6,22497.56,87282.81,4.13,92914.92,5632.11,253156.47,11.08,6,43566.72,6.06,44.95,RISKY
Wheat,Haryana,5.02,2.0,24556.85,59768.09,10.04,246550.77,186782.68,126477.55,7.52,6,21544.34,75.76,0.68,SAFE
Wheat,Bihar,7.29,2.16,19953.52,109839.42,15.75,314267.94,204428.52,230095.87,8.76,6,39335.08,65.05,1.13,SAFE
Rice,Uttar Pradesh,2.25,2.65,20383.53,114174.0,5.96,121485.84,7311.84,189633.84,11.92,12,16841.64,6.02,25.94,RISKY
Rice,Bihar,6.93,3.51,23356.65,170271.27,24.32,568033.73,397762.46,50507.58,8.77,9,5819.01,70.02,0.13,SAFE
Rice,Madhya Pradesh,8.19,2.93,26362.73,203851.48,24.0,632705.52,428854.04,287138.16,9.14,9,33131.55,67.78,0.67,SAFE
Rice,Haryana,1.24,3.02,22959.32,81497.7,3.74,85867.86,4370.16,296751.51,11.98,6,51201.06,5.09,67.9,RISKY
Wheat,Haryana,2.79,2.66,21852.32,126733.24,7.42,162144.21,35410.97,160427.38,11.55,6,27645.82,21.84,4.53,RISKY
Wheat,Haryana,6.1,3.89,24653.37,177636.21,23.73,585024.47,407388.26,119270.06,11.67,6,20560.41,69.64,0.29,SAFE
Wheat,Haryana,6.85,1.74,26252.63,202195.99,11.92,312931.35,110735.36,170026.08,8.15,9,19539.11,35.39,1.54,MODERATE
Wheat,Bihar,2.1,2.64,20769.97,160726.29,5.54,115065.63,-45660.66,141244.72,8.22,9,16236.26,-39.68,999.0,RISKY
Rice,Punjab,2.44,2.23,22727.5,223992.47,5.44,123637.6,-100354.87,233351.29,10.36,12,20554.38,-81.17,999.0,RISKY
Wheat,Uttar Pradesh,9.04,3.98,22380.41,221233.65,35.98,805247.15,584013.5,283681.62,11.14,9,33001.27,72.53,0.49,SAFE
Wheat,Uttar Pradesh,9.4,3.3,28182.46,138350.49,31.02,874219.91,735869.42,233534.77,10.51,9,27097.84,84.17,0.32,SAFE
Rice,Punjab,6.46,1.92,21005.02,105072.61,12.4,260462.25,155389.64,138666.99,7.69,12,12042.56,59.66,0.89,SAFE
Wheat,Punjab,9.45,2.77,25171.76,134077.66,26.18,658996.68,524919.02,58771.35,8.06,6,10026.78,79.65,0.11,SAFE
Wheat,Haryana,9.35,1.66,27253.33,206782.67,15.52,422971.68,216189.01,200060.95,9.86,9,23152.2,51.11,0.93,SAFE
Rice,Bihar,6.53,1.84,29350.06,237481.73,12.02,352787.72,115305.99,254341.29,11.93,6,43877.38,32.68,2.21,MODERATE
Rice,Haryana,2.96,2.56,21310.05,60899.07,7.58,161530.18,100631.11,189374.41,7.8,6,32284.32,62.3,1.88,MODERATE
Rice,Haryana,8.63,2.46,21653.73,103353.58,21.23,459708.69,356355.11,158083.76,9.08,6,27049.44,77.52,0.44,SAFE
Wheat,Punjab,8.67,2.52,18063.91,228305.64,21.85,394696.43,166390.79,93814.53,10.48,9,10884.29,42.16,0.56,SAFE
Rice,Madhya Pradesh,4.44,3.43,21451.83,182087.8,15.23,326711.37,144623.57,128148.94,10.0,12,11266.33,44.27,0.89,SAFE
Rice,Punjab,5.26,1.81,21390.03,105279.01,9.52,203633.09,98354.08,62504.43,7.86,6,10657.52,48.3,0.64,MODERATE
Rice,Haryana,9.86,3.65,29318.29,177509.31,35.99,1055165.26,877655.95,269640.92,7.92,6,45983.96,83.18,0.31,SAFE
Rice,Punjab,8.71,3.83,18512.38,199733.32,33.36,617573.0,417839.68,70289.1,7.65,6,11977.62,67.66,0.17,SAFE
Rice,Uttar Pradesh,2.97,3.73,28176.66,57182.85,11.08,312197.39,255014.54,91361.73,7.35,6,15555.04,81.68,0.36,SAFE
Rice,Uttar Pradesh,2.75,2.25,22138.23,59735.75,6.19,137035.64,77299.89,122491.89,8.81,6,20943.1,56.41,1.58,MODERATE
Wheat,Punjab,7.41,1.91,18965.44,50142.43,14.15,268360.98,218218.55,272666.06,8.72,9,31407.62,81.32,1.25,SAFE
Wheat,Uttar Pradesh,6.11,3.01,29074.55,141753.87,18.39,534680.97,392927.1,62703.49,10.5,9,7275.4,73.49,0.16,SAFE
Wheat,Punjab,5.1,2.29,26981.85,162439.93,11.68,315148.01,152708.08,211806.19,9.96,9,24521.45,48.46,1.39,SAFE
Wheat,Haryana,3.64,2.95,27217.79,63730.26,10.74,292319.06,228588.8,134581.01,9.43,6,23051.12,78.2,0.59,SAFE
Rice,Punjab,3.79,2.95,23266.08,218018.14,11.18,260114.77,42096.63,89712.05,10.45,12,7905.9,16.18,2.13,RISKY
Wheat,Haryana,9.16,3.18,27527.87,76674.42,29.13,801886.85,725212.43,295316.26,8.71,12,25786.15,90.44,0.41,SAFE
Rice,Madhya Pradesh,7.2,2.68,18433.01,136573.82,19.3,355757.09,219183.27,154429.89,9.46,6,26453.12,61.61,0.7,SAFE
Rice,Uttar Pradesh,6.99,2.72,21734.01,60125.52,19.01,413163.53,353038.01,119582.88,10.38,6,20538.21,85.45,0.34,SAFE
Wheat,Madhya Pradesh,8.66,3.18,26083.76,161374.27,27.54,718346.75,556972.48,291683.99,7.78,6,49723.07,77.54,0.52,SAFE
Wheat,Bihar,5.33,3.34,20095.37,228948.95,17.8,357697.59,128748.64,132841.45,10.85,9,15435.45,35.99,1.03,SAFE
Wheat,Punjab,8.16,3.21,23177.39,183643.34,26.19,607015.84,423372.5,118785.27,10.41,6,20402.97,69.75,0.28,SAFE
Rice,Madhya Pradesh,5.08,2.49,19508.56,75011.23,12.65,246783.28,171772.05,249813.93,9.72,6,42823.96,69.6,1.45,SAFE
Rice,Madhya Pradesh,3.27,3.54,20319.19,215195.38,11.58,235296.22,20100.84,221108.92,8.37,9,25432.39,8.54,11.0,RISKY
Rice,Uttar Pradesh,6.18,3.72,29128.21,242741.82,22.99,669657.55,426915.73,145064.86,11.76,9,16918.38,63.75,0.34,SAFE
Rice,Uttar Pradesh,8.35,2.1,22831.8,221382.31,17.54,400469.77,179087.46,255175.86,11.05,9,29674.24,44.72,1.42,SAFE
Wheat,Madhya Pradesh,3.92,3.34,24992.91,182507.17,13.09,327157.19,144650.02,221705.39,9.02,12,19390.52,44.21,1.53,SAFE
Wheat,Madhya Pradesh,8.04,3.21,20617.92,120720.28,25.81,532148.52,411428.24,102625.83,8.06,9,11789.23,77.31,0.25,SAFE
Rice,Haryana,2.53,3.87,25561.09,235500.01,9.79,250243.07,14743.06,127582.91,10.09,12,11221.91,5.89,8.65,RISKY
Wheat,Uttar Pradesh,3.07,2.23,23202.57,59349.74,6.85,158937.6,99587.86,255972.86,8.9,12,22373.34,62.66,2.57,MODERATE
Rice,Madhya Pradesh,6.36,2.56,20510.72,160636.09,16.28,333914.52,173278.43,238185.72,7.33,9,27279.93,51.89,1.37,SAFE
Rice,Uttar Pradesh,4.88,2.26,22642.51,156522.29,11.03,249746.89,93224.6,235061.83,7.73,12,20418.33,37.33,2.52,MODERATE
Rice,Haryana,9.21,3.31,25526.95,212512.76,30.49,778316.71,565803.95,184496.65,8.36,9,21220.31,72.7,0.33,SAFE
Wheat,Uttar Pradesh,1.92,1.83,22615.22,240520.85,3.51,79379.42,-161141.43,84403.07,10.11,6,14484.88,-203.0,999.0,RISKY
Wheat,Madhya Pradesh,6.71,3.55,24026.69,234114.31,23.82,572315.76,338201.45,129006.88,8.95,12,11278.85,59.09,0.38,SAFE
Wheat,Haryana,8.28,3.62,27243.77,186481.89,29.97,816495.79,630013.9,287615.59,7.09,9,32908.77,77.16,0.46,SAFE
Wheat,Haryana,1.84,2.19,18608.37,120954.42,4.03,74991.73,-45962.69,215620.51,11.44,12,19101.18,-61.29,999.0,RISKY
Rice,Bihar,6.34,3.67,18783.53,52091.76,23.27,437092.74,385000.98,121403.57,9.98,9,14056.41,88.08,0.32,SAFE
Wheat,Uttar Pradesh,2.29,2.72,19509.72,72630.52,6.23,121545.56,48915.04,104591.23,9.84,9,12102.91,40.24,2.14,RISKY
Rice,Bihar,1.85,3.83,26994.99,227554.68,7.09,191394.48,-36160.2,147833.02,7.55,6,25184.24,-18.89,999.0,RISKY
Wheat,Punjab,3.11,2.26,25626.17,211558.67,7.03,180151.98,-31406.69,253468.01,10.89,9,29456.4,-17.43,999.0,RISKY
Rice,Bihar,5.1,3.75,20683.9,248292.94,19.12,395476.17,147183.23,212365.81,9.93,9,24583.22,37.22,1.44,SAFE
Wheat,Bihar,5.48,3.5,28897.61,188163.98,19.18,554256.16,366092.18,197506.79,11.56,6,34036.54,66.05,0.54,SAFE
Rice,Uttar Pradesh,4.57,2.3,26097.37,115374.28,10.51,274283.36,158909.08,193527.64,10.62,6,33261.03,57.94,1.22,SAFE
Wheat,Haryana,8.42,2.51,29778.93,134548.36,21.13,629228.79,494680.43,123275.24,10.3,6,21167.5,78.62,0.25,SAFE
Wheat,Madhya Pradesh,7.57,3.48,20208.02,129156.03,26.34,532279.25,403123.22,158106.01,7.87,12,13743.89,75.74,0.39,SAFE
Wheat,Punjab,2.14,3.73,26710.68,236000.41,7.98,213151.23,-22849.18,227403.28,10.21,6,39037.16,-10.72,999.0,RISKY
Rice,Uttar Pradesh,9.01,2.85,18190.74,112943.01,25.68,467138.2,354195.19,156186.9,7.46,6,26600.47,75.82,0.44,SAFE
Rice,Punjab,7.9,3.38,22443.38,207407.98,26.7,599238.25,391830.27,128001.64,9.95,6,21956.99,65.39,0.33,SAFE
Wheat,Punjab,1.96,3.42,19710.77,96109.01,6.7,132062.16,35953.15,106402.24,8.23,9,12231.58,27.22,2.96,RISKY
Wheat,Punjab,2.29,3.44,20315.39,171919.27,7.88,160085.27,-11834.0,208545.73,11.68,12,18497.83,-7.39,999.0,RISKY
Wheat,Punjab,2.17,3.89,29340.48,167877.95,8.44,247633.65,79755.7,160065.01,10.31,6,27485.44,32.21,2.01,MODERATE
Wheat,Uttar Pradesh,8.32,2.94,25995.2,247583.82,24.46,635842.59,388258.77,262259.47,7.05,9,30002.61,61.06,0.68,SAFE
Rice,Uttar Pradesh,9.11,1.75,19064.35,87061.35,15.94,303885.74,216824.39,294940.48,8.04,9,33878.77,71.35,1.36,SAFE
Rice,Madhya Pradesh,6.03,2.75,21429.59,89935.25,16.58,355302.6,265367.35,62450.44,7.55,9,7159.05,74.69,0.24,SAFE
Wheat,Punjab,5.75,3.17,26048.23,196222.3,18.23,474859.23,278636.93,126914.62,8.1,12,11045.97,58.68,0.46,SAFE
Rice,Bihar,7.79,1.53,27011.22,152979.93,11.92,321973.74,168993.81,54612.77,10.3,6,9377.52,52.49,0.32,SAFE
Rice,Uttar Pradesh,2.37,3.27,27882.22,86460.28,7.75,216087.21,129626.93,196360.41,11.0,9,22829.97,59.99,1.51,SAFE
Wheat,Punjab,7.58,1.91,22441.35,125797.85,14.48,324950.75,199152.9,128288.83,11.46,12,11365.92,61.29,0.64,SAFE
Rice,Punjab,5.73,3.23,24500.71,188232.63,18.51,453508.14,265275.51,92397.84,11.88,12,8204.25,58.49,0.35,SAFE
Wheat,Madhya Pradesh,4.63,3.95,27901.97,112457.42,18.29,510327.03,397869.61,251432.57,9.69,12,22068.68,77.96,0.63,SAFE
Wheat,Haryana,8.06,3.62,26528.46,173788.77,29.18,774100.46,600311.69,243608.22,9.57,9,28158.33,77.55,0.41,SAFE
Rice,Haryana,5.1,2.22,19543.98,125701.81,11.32,221237.85,95536.04,212072.05,8.09,6,36184.01,43.18,2.22,MODERATE
Wheat,Haryana,1.15,3.83,26868.42,233721.35,4.4,118221.05,-115500.3,45217.71,8.1,9,5195.28,-97.7,999.0,RISKY
Wheat,Haryana,1.19,2.96,25357.6,141137.77,3.52,89258.75,-51879.02,238057.56,11.91,12,21141.1,-58.12,999.0,RISKY
Rice,Punjab,2.53,2.62,24756.5,51887.06,6.63,164135.6,112248.54,178059.37,8.57,6,30422.75,68.39,1.59,MODERATE
Wheat,Bihar,4.08,3.77,29585.96,172437.31,15.38,455032.06,282594.75,235483.79,10.17,12,20721.39,62.1,0.83,SAFE
Wheat,Uttar Pradesh,5.55,2.71,19049.74,102113.9,15.04,286508.09,184394.19,62231.08,10.59,6,10694.55,64.36,0.34,SAFE
Wheat,Madhya Pradesh,7.15,3.93,27447.08,164243.41,28.1,771262.95,607019.54,31313.34,7.26,9,3585.35,78.7,0.05,SAFE
Wheat,Punjab,6.38,3.78,20317.37,97428.83,24.12,490054.96,392626.13,220141.67,9.18,9,25405.29,80.12,0.56,SAFE
Rice,Bihar,3.27,3.9,25738.1,187661.68,12.75,328160.77,140499.09,156318.96,8.09,6,26671.35,42.81,1.11,SAFE
Rice,Uttar Pradesh,1.22,2.83,29536.48,219572.62,3.45,101900.86,-117671.76,118828.71,9.78,12,10434.78,-115.48,999.0,RISKY
Wheat,Haryana,2.81,2.7,29574.43,59879.36,7.59,224469.92,164590.56,203235.25,7.73,6,34640.31,73.32,1.23,SAFE
Wheat,Haryana,2.07,1.55,26394.07,199481.35,3.21,84724.96,-114756.39,182970.69,10.56,9,21235.05,-135.45,999.0,RISKY
Wheat,Uttar Pradesh,1.77,2.09,24287.08,79115.23,3.7,89862.2,10746.97,125641.86,12.0,6,21679.3,11.96,11.69,RISKY
Rice,Punjab,5.48,2.04,18316.76,162573.14,11.18,204781.38,42208.24,40025.46,10.82,12,3534.16,20.61,0.95,RISKY
Rice,Haryana,3.54,3.53,27607.92,209513.3,12.5,345099.0,135585.7,89681.69,7.14,12,7765.65,39.29,0.66,SAFE
Rice,Bihar,9.68,3.86,23173.67,82645.14,37.36,865768.31,783123.17,257188.89,11.79,9,29998.66,90.45,0.33,SAFE
Wheat,Bihar,6.9,3.3,18273.26,89583.62,22.77,416082.13,326498.51,218909.33,7.64,9,25104.1,78.47,0.67,SAFE
Wheat,Haryana,4.44,1.8,21147.15,136885.27,7.99,168965.73,32080.46,224513.71,9.23,6,38432.73,18.99,7.0,RISKY
Wheat,Madhya Pradesh,4.73,2.03,18836.91,81136.58,9.6,180834.34,99697.76,165940.71,9.76,9,19195.76,55.13,1.66,MODERATE
Rice,Madhya Pradesh,4.55,2.01,19641.33,226234.63,9.15,179718.17,-46516.46,116663.75,10.7,9,13547.4,-25.88,999.0,RISKY
Wheat,Madhya Pradesh,6.62,2.07,25382.11,239661.37,13.7,347734.91,108073.54,36950.29,10.47,9,4286.77,31.08,0.34,MODERATE
Rice,Punjab,1.93,1.52,26100.26,99509.41,2.93,76473.76,-23035.65,170162.13,9.3,9,19647.09,-30.12,999.0,RISKY
Rice,Bihar,1.08,3.95,21787.72,105093.07,4.27,93033.56,-12059.51,297101.48,11.61,12,26342.93,-12.96,999.0,RISKY
Wheat,Madhya Pradesh,6.06,1.68,27928.74,79075.22,10.18,284314.57,205239.35,177458.64,11.36,9,20662.65,72.19,0.86,SAFE
Wheat,Bihar,9.1,2.29,19633.17,150120.66,20.84,409155.26,259034.6,96191.8,8.41,9,11065.99,63.31,0.37,SAFE
Rice,Haryana,7.91,3.2,28876.44,146500.04,25.31,730862.7,584362.66,293469.16,8.06,9,33712.53,79.96,0.5,SAFE
Rice,Bihar,6.05,3.34,20191.51,82832.79,20.21,408070.42,325237.63,180650.38,9.73,12,15859.36,79.7,0.56,SAFE
Wheat,Bihar,3.65,3.1,18092.1,97193.75,11.31,204621.65,107427.9,38517.58,7.58,12,3343.11,52.5,0.36,MODERATE
Wheat,Punjab,6.76,1.89,23021.95,168629.13,12.78,294220.52,125591.39,270730.28,7.1,6,46060.7,42.69,2.16,MODERATE
Rice,Uttar Pradesh,8.66,3.11,25492.87,206612.03,26.93,686522.99,479910.96,186533.56,11.02,9,21689.22,69.9,0.39,SAFE
Rice,Punjab,4.96,3.57,26942.18,82433.75,17.71,477146.01,394712.26,279066.9,8.26,9,32084.37,82.72,0.71,SAFE
Wheat,Haryana,6.68,3.83,24653.85,137040.65,25.58,630645.48,493604.83,242278.8,8.23,12,21101.23,78.27,0.49,SAFE
Wheat,Haryana,6.8,3.91,29597.35,136047.74,26.59,786993.54,650945.8,147279.61,8.3,12,12832.06,82.71,0.23,SAFE
Wheat,Uttar Pradesh,5.29,2.62,21534.08,138966.38,13.86,298462.35,159495.97,279548.02,7.13,6,47565.03,53.44,1.75,SAFE
Rice,Bihar,4.45,3.76,20657.8,185260.82,16.73,345604.99,160344.17,185999.07,10.76,6,31979.96,46.4,1.16,SAFE
Rice,Haryana,6.45,3.39,20919.94,92504.13,21.87,457519.09,365014.96,207828.53,10.54,12,18323.67,79.78,0.57,SAFE
Wheat,Punjab,9.99,1.6,23816.94,56340.28,15.98,380594.7,324254.42,120391.05,9.53,9,13913.55,85.2,0.37,SAFE
Wheat,Madhya Pradesh,7.14,3.36,28486.57,232147.74,23.99,683392.81,451245.07,251509.16,11.31,9,29278.86,66.03,0.56,SAFE
Rice,Bihar,6.56,3.71,25786.98,233190.74,24.34,627655.09,394464.35,31797.99,7.23,6,5411.98,62.85,0.08,SAFE
Rice,Bihar,5.48,1.74,22478.18,190327.83,9.54,214441.84,24114.01,242671.41,7.17,6,41295.24,11.25,10.06,RISKY
Wheat,Punjab,5.73,3.3,26998.45,62726.42,18.91,510540.69,447814.27,185489.86,11.59,12,16444.99,87.71,0.41,SAFE
Rice,Bihar,4.39,1.79,21826.28,199258.54,7.86,171554.56,-27703.98,179893.53,11.11,6,30961.27,-16.15,999.0,RISKY
Wheat,Haryana,8.89,3.15,22291.18,233660.5,28.0,624153.04,390492.54,296446.16,8.53,12,25860.09,62.56,0.76,SAFE
Rice,Madhya Pradesh,6.95,2.72,24866.86,146689.98,18.9,469983.65,323293.67,97652.19,10.67,9,11338.32,68.79,0.3,SAFE
Rice,Punjab,3.71,1.55,18666.46,168815.23,5.75,107332.14,-61483.09,97868.7,7.35,9,11210.04,-57.28,999.0,RISKY
Wheat,Madhya Pradesh,1.51,2.61,23507.14,98857.86,3.94,92618.13,-6239.73,230431.4,10.26,12,20286.46,-6.74,999.0,RISKY
Wheat,Bihar,3.35,3.64,20598.91,143438.96,12.19,251100.71,107661.75,178920.24,8.68,9,20605.93,42.88,1.66,MODERATE
Rice,Punjab,6.55,2.27,23063.3,161355.31,14.87,342951.27,181595.96,147631.78,11.2,6,25415.29,52.95,0.81,SAFE
Wheat,Uttar Pradesh,4.78,1.76,18402.13,92630.15,8.41,154761.91,62131.76,91779.64,9.82,6,15737.7,40.15,1.48,MODERATE
Rice,Punjab,6.17,3.95,20874.59,240784.43,24.37,508713.76,267929.33,47221.69,9.33,9,5452.93,52.67,0.18,SAFE
Rice,Haryana,9.74,3.22,24105.18,108980.16,31.36,755938.44,646958.28,121309.5,7.35,12,10516.1,85.58,0.19,SAFE
Wheat,Madhya Pradesh,4.62,3.54,28912.39,70422.07,16.35,472717.58,402295.51,169413.06,10.28,6,29088.12,85.1,0.42,SAFE
Wheat,Bihar,9.67,3.73,18088.6,180364.99,36.07,652455.8,472090.81,182134.12,9.89,12,16003.17,72.36,0.39,SAFE
Rice,Punjab,6.54,3.11,18770.46,135215.62,20.34,381791.16,246575.54,245600.04,10.34,12,21631.0,64.58,1.0,SAFE
Rice,Punjab,1.7,2.12,28805.94,138394.51,3.6,103701.38,-34693.13,91242.34,8.85,12,7972.93,-33.45,999.0,RISKY
Rice,Haryana,6.55,2.24,22053.53,138610.88,14.67,323525.29,184914.41,236133.32,7.73,12,20511.4,57.16,1.28,SAFE
Wheat,Uttar Pradesh,3.26,2.56,28780.11,141615.33,8.35,240313.92,98698.59,239738.69,7.66,12,20816.82,41.07,2.43,MODERATE
Wheat,Bihar,2.54,2.64,20448.02,230549.36,6.71,137206.21,-93343.15,94392.95,10.79,9,10965.26,-68.03,999.0,RISKY
Wheat,Haryana,3.84,3.39,20071.62,139071.7,13.02,261332.49,122260.79,154541.77,11.18,6,26603.34,46.78,1.26,SAFE
Wheat,Madhya Pradesh,7.74,2.2,19784.15,172750.48,17.03,336924.07,164173.59,145798.2,7.61,6,24841.89,48.73,0.89,SAFE
Wheat,Madhya Pradesh,8.56,2.57,20466.32,94202.39,22.0,450259.04,356056.65,292751.58,10.56,9,33975.9,79.08,0.82,SAFE
Wheat,Haryana,5.66,2.1,21636.61,50112.74,11.89,257259.29,207146.55,176315.45,11.04,6,30339.36,80.52,0.85,SAFE
Wheat,Punjab,3.17,2.52,21968.67,104116.53,7.99,175529.67,71413.14,272671.41,8.0,12,23719.26,40.68,3.82,MODERATE
Rice,Madhya Pradesh,4.87,2.36,20388.53,235131.86,11.49,234264.21,-867.65,154785.47,7.2,12,13407.36,-0.37,999.0,RISKY
Wheat,Haryana,4.43,3.61,19053.71,93771.93,15.99,304668.82,210896.89,118754.93,10.37,12,10460.89,69.22,0.56,SAFE
Wheat,Madhya Pradesh,1.26,2.93,18026.58,174088.99,3.69,66518.08,-107570.91,263267.52,10.04,6,45171.73,-161.72,999.0,RISKY
Wheat,Madhya Pradesh,7.32,3.17,20397.98,77415.56,23.2,473233.14,395817.58,151974.97,9.96,12,13358.19,83.64,0.38,SAFE
Rice,Bihar,5.6,2.24,22071.19,213718.65,12.54,276772.72,63054.07,50754.53,8.97,12,4437.85,22.78,0.8,MODERATE
Wheat,Madhya Pradesh,2.81,2.14,23797.14,154426.64,6.01,143020.81,-11405.83,288189.68,11.93,9,33633.78,-7.97,999.0,RISKY
Rice,Punjab,7.9,2.83,29651.5,177103.28,22.36,663007.54,485904.26,90038.49,8.89,9,10378.5,73.29,0.19,SAFE
Wheat,Madhya Pradesh,9.92,2.01,23401.08,155823.5,19.94,466617.54,310794.04,218458.55,10.58,12,19264.96,66.61,0.7,SAFE
Wheat,Haryana,6.58,3.48,22118.97,161595.42,22.9,506524.41,344928.99,165581.27,10.16,6,28420.41,68.1,0.48,SAFE
Wheat,Madhya Pradesh,2.04,2.95,24338.47,224210.32,6.02,146517.59,-77692.73,42126.63,8.39,9,4845.89,-53.03,999.0,RISKY
Wheat,Bihar,6.62,3.7,18744.35,105773.08,24.49,459049.13,353276.05,236324.93,8.37,12,20597.99,76.96,0.67,SAFE
Wheat,Bihar,6.25,3.8,23176.54,249934.66,23.75,550442.83,300508.17,205078.14,9.3,12,17962.93,54.59,0.68,SAFE
Wheat,Uttar Pradesh,8.83,1.55,28797.19,148392.87,13.69,394233.53,245840.66,59398.44,8.3,12,5175.22,62.36,0.24,SAFE
Wheat,Bihar,3.89,2.88,25890.84,228217.36,11.2,289977.41,61760.05,131193.37,8.45,9,15095.08,21.3,2.12,MODERATE
Rice,Bihar,9.99,3.62,28650.48,220654.86,36.16,1036001.36,815346.5,69942.44,10.37,6,12012.18,78.7,0.09,SAFE
Rice,Punjab,1.94,3.77,18847.52,240310.52,7.31,137775.37,-102535.15,197739.75,7.85,6,33715.29,-74.42,999.0,RISKY
Rice,Madhya Pradesh,2.03,3.22,23113.89,67883.48,6.54,151164.84,83281.36,289428.3,7.59,9,33184.27,55.09,3.48,MODERATE
Wheat,Bihar,3.59,3.36,20338.38,207317.41,12.06,245280.86,37963.45,132010.06,9.32,12,11564.07,15.48,3.48,RISKY
Wheat,Haryana,1.79,3.14,21301.26,59448.78,5.62,119713.08,60264.3,123974.25,11.61,6,21367.67,50.34,2.06,MODERATE
Wheat,Madhya Pradesh,4.93,3.12,26560.77,131174.35,15.38,408504.64,277330.29,57919.33,11.37,6,9975.86,67.89,0.21,SAFE
Rice,Haryana,1.93,3.09,19127.75,130775.0,5.96,114001.39,-16773.61,69910.53,10.16,9,8100.37,-14.71,999.0,RISKY
Rice,Haryana,9.91,3.53,20921.77,222670.18,34.98,731843.51,509173.33,297236.43,9.43,12,26053.07,69.57,0.58,SAFE
Wheat,Haryana,4.95,2.7,27848.98,166099.6,13.37,372340.86,206241.26,116276.61,7.26,12,10074.98,55.39,0.56,SAFE
Wheat,Haryana,3.72,3.71,19983.04,98840.5,13.8,275765.95,176925.45,177730.19,8.25,6,30338.54,64.16,1.0,SAFE
Rice,Punjab,9.89,3.53,23955.13,172322.86,34.91,836273.59,663950.73,226300.34,11.67,12,20071.59,79.39,0.34,SAFE
Rice,Punjab,5.64,2.74,18204.69,96650.92,15.45,281262.46,184611.54,88370.22,8.45,6,15093.49,65.64,0.48,SAFE
Wheat,Bihar,7.24,2.31,20141.46,166135.33,16.72,336765.21,170629.88,225436.74,9.19,6,38586.3,50.67,1.32,SAFE
Rice,Madhya Pradesh,4.15,1.61,22005.18,57124.93,6.68,146994.6,89869.67,233969.65,9.82,6,40119.41,61.14,2.6,MODERATE
Wheat,Haryana,8.93,3.82,26068.98,247177.59,34.11,889212.91,642035.32,294027.02,9.83,12,25826.4,72.2,0.46,SAFE
Rice,Haryana,9.71,3.8,19538.29,50238.89,36.9,720962.9,670724.01,203349.5,9.29,6,34815.81,93.03,0.3,SAFE
Wheat,Punjab,8.52,3.2,27266.2,233366.67,27.26,743276.61,509909.94,50369.88,7.49,9,5772.76,68.6,0.1,SAFE
Rice,Uttar Pradesh,5.85,2.17,28014.87,155940.93,12.69,355508.7,199567.77,67260.48,9.06,6,11508.16,56.14,0.34,SAFE
Wheat,Uttar Pradesh,8.7,2.66,29729.44,88984.79,23.14,687939.24,598954.45,271359.47,11.98,12,24107.42,87.07,0.45,SAFE
Rice,Bihar,8.96,2.95,21057.9,220025.31,26.43,556560.3,336534.99,130699.66,7.57,9,14984.08,60.47,0.39,SAFE
Rice,Madhya Pradesh,6.2,3.68,20507.43,52272.43,22.82,467979.55,415707.12,255172.99,8.26,9,29337.28,88.83,0.61,SAFE
Rice,Haryana,8.09,2.74,29795.28,111958.48,22.17,660561.36,548602.88,237690.21,9.54,6,40724.6,83.05,0.43,SAFE
Rice,Bihar,1.07,2.66,21438.68,173389.46,2.85,61100.24,-112289.22,147479.38,10.95,6,25370.86,-183.78,999.0,RISKY
Wheat,Punjab,9.55,3.83,28486.05,137534.66,36.58,1042019.71,904485.05,47796.75,11.64,12,4238.64,86.8,0.05,SAFE
Rice,Bihar,4.66,3.51,18311.52,71201.32,16.36,299576.47,228375.15,86168.16,10.02,6,14783.98,76.23,0.38,SAFE
Rice,Haryana,4.55,2.1,27730.43,236833.9,9.55,264825.61,27991.71,248125.83,11.7,12,22010.87,10.57,8.86,RISKY
Rice,Bihar,6.73,3.87,23850.56,202811.51,26.05,621307.09,418495.58,192070.37,7.28,12,16644.03,67.36,0.46,SAFE
Wheat,Bihar,8.02,2.78,29319.73,189110.19,22.3,653829.98,464719.79,178234.79,8.14,12,15515.9,71.08,0.38,SAFE
Wheat,Punjab,2.25,2.49,18708.18,185354.87,5.6,104765.81,-80589.06,169674.95,10.96,12,14992.99,-76.92,999.0,RISKY
Rice,Haryana,9.16,2.59,20695.84,56337.54,23.72,490905.32,434567.78,110275.63,7.91,9,12660.22,88.52,0.25,SAFE
Rice,Haryana,3.69,3.59,29452.74,174757.76,13.25,390248.8,215491.04,75902.62,7.55,6,12930.47,55.22,0.35,SAFE
Wheat,Madhya Pradesh,9.62,1.52,21832.11,237463.8,14.62,319185.45,81721.65,42610.7,7.77,9,4889.12,25.6,0.52,MODERATE
Wheat,Uttar Pradesh,9.65,2.11,26492.81,241516.38,20.36,539393.61,297877.23,159444.64,11.32,12,14115.79,55.22,0.54,SAFE
Rice,Punjab,3.16,1.71,24250.92,140855.47,5.4,130954.97,-9900.5,260684.65,8.62,12,22751.35,-7.56,999.0,RISKY
Wheat,Bihar,1.36,3.26,28960.79,119576.6,4.43,128296.3,8719.7,161148.09,10.41,9,18690.93,6.8,18.48,RISKY
Wheat,Haryana,1.39,2.89,20378.44,94652.21,4.02,81921.33,-12730.88,133129.01,10.65,6,22882.46,-15.54,999.0,RISKY
Rice,Bihar,3.66,2.17,27595.42,177591.36,7.94,219107.63,41516.27,141989.1,11.51,12,12583.04,18.95,3.42,RISKY
Rice,Madhya Pradesh,5.09,1.76,20605.44,95577.94,8.96,184624.74,89046.8,224650.77,11.14,12,19869.68,48.23,2.52,MODERATE
Rice,Madhya Pradesh,7.87,1.85,25825.58,115047.67,14.56,376020.44,260972.77,237219.77,7.3,9,27165.95,69.4,0.91,SAFE
Wheat,Uttar Pradesh,4.44,2.2,21225.34,193317.54,9.77,207371.57,14054.03,290913.76,11.97,9,33957.23,6.78,20.7,RISKY
Rice,Bihar,8.25,2.04,28966.82,56249.5,16.83,487511.58,431262.08,295193.9,8.72,12,25776.83,88.46,0.68,SAFE
Rice,Bihar,7.78,3.59,21278.5,137350.78,27.93,594308.51,456957.73,185359.52,9.63,6,31766.75,76.89,0.41,SAFE
Wheat,Uttar Pradesh,5.75,1.99,21692.56,239978.89,11.44,248162.89,8184.0,142745.16,7.14,12,12360.49,3.3,17.44,RISKY
Wheat,Madhya Pradesh,1.18,2.56,23179.72,112706.99,3.02,70002.75,-42704.24,126038.37,7.6,12,10940.58,-61.0,999.0,RISKY
Wheat,Uttar Pradesh,7.89,3.18,29167.83,216566.3,25.09,731820.85,515254.55,135380.53,10.07,6,23230.74,70.41,0.26,SAFE
Rice,Bihar,6.86,2.02,28869.25,107954.73,13.86,400127.8,292173.07,126876.42,7.59,6,21616.65,73.02,0.43,SAFE
Rice,Punjab,9.08,2.84,19902.05,217295.46,25.79,513273.87,295978.41,266431.77,9.31,12,23338.17,57.66,0.9,SAFE
Rice,Punjab,5.91,2.98,23876.62,158844.18,17.61,420467.28,261623.1,37191.57,8.92,9,4287.5,62.22,0.14,SAFE
Wheat,Madhya Pradesh,9.21,2.32,29495.15,63863.38,21.37,630311.36,566447.98,72375.45,10.89,12,6392.95,89.87,0.13,SAFE
Wheat,Punjab,1.69,2.83,26149.96,94631.31,4.78,124996.81,30365.5,264828.36,8.61,12,23111.76,24.29,8.72,RISKY
Wheat,Madhya Pradesh,1.8,3.14,29996.39,93240.87,5.65,169479.6,76238.73,263862.8,8.77,12,23047.06,44.98,3.46,MODERATE
Rice,Bihar,7.21,2.22,18915.12,54336.42,16.01,302831.07,248494.65,44891.44,9.98,9,5197.64,82.06,0.18,SAFE
Wheat,Haryana,1.78,3.77,20155.01,52289.03,6.71,135240.12,82951.09,76099.64,10.27,6,13065.89,61.34,0.92,MODERATE
Wheat,Punjab,3.99,2.25,19610.37,149779.94,8.98,176101.12,26321.18,78698.08,8.14,6,13429.5,14.95,2.99,RISKY
Rice,Uttar Pradesh,5.98,1.52,27610.62,165055.76,9.09,250980.54,85924.78,195986.72,8.41,9,22546.49,34.24,2.28,MODERATE
Wheat,Uttar Pradesh,1.44,3.84,27083.65,104817.09,5.53,149772.58,44955.49,221079.15,9.87,9,25585.59,30.02,4.92,RISKY
Wheat,Haryana,1.39,2.95,27047.98,58076.29,4.1,110896.72,52820.43,173764.41,11.68,6,29955.29,47.63,3.29,MODERATE
Wheat,Haryana,4.17,3.8,26002.85,149539.08,15.85,412145.17,262606.09,232659.33,8.63,6,39758.42,63.72,0.89,SAFE
Rice,Haryana,1.32,2.11,25331.14,121965.01,2.79,70673.88,-51291.13,157852.58,11.79,9,18412.02,-72.57,999.0,RISKY
Wheat,Haryana,2.45,1.57,20326.98,113911.89,3.85,78258.87,-35653.02,141801.15,11.22,6,24412.93,-45.56,999.0,RISKY
Rice,Haryana,5.69,3.12,28134.81,95171.53,17.75,499392.88,404221.35,249589.62,8.77,9,28755.4,80.94,0.62,SAFE
Rice,Haryana,6.05,3.57,19803.56,185184.65,21.6,427756.9,242572.25,210702.18,8.68,12,18394.96,56.71,0.87,SAFE
Rice,Haryana,1.25,2.31,18745.15,140956.44,2.89,54173.48,-86782.96,260033.26,9.82,12,22839.29,-160.19,999.0,RISKY
Rice,Uttar Pradesh,5.0,2.23,20365.15,57758.63,11.15,227071.42,169312.79,37804.84,10.2,9,4381.08,74.56,0.22,SAFE
Rice,Bihar,3.69,2.21,28087.82,165119.84,8.15,228915.73,63795.89,156979.07,10.28,9,18197.72,27.87,2.46,MODERATE
Wheat,Bihar,8.22,3.79,18413.37,60888.66,31.15,573576.48,512687.82,295070.77,8.2,6,50361.32,89.38,0.58,SAFE
Wheat,Bihar,7.94,2.53,18851.6,242523.02,20.09,378728.64,136205.62,212855.21,11.56,12,18868.14,35.96,1.56,SAFE
Wheat,Madhya Pradesh,5.58,2.39,27077.95,208214.02,13.34,361219.85,153005.83,234799.92,9.4,6,40213.2,42.36,1.53,SAFE
Rice,Madhya Pradesh,5.74,3.35,20183.41,72913.76,19.23,388126.97,315213.21,110184.76,8.0,9,12654.46,81.21,0.35,SAFE
Rice,Haryana,3.65,2.75,24743.31,129560.28,10.04,248422.83,118862.55,273798.36,9.57,9,31647.97,47.85,2.3,MODERATE
Wheat,Uttar Pradesh,7.7,1.99,26120.52,182614.46,15.32,400166.37,217551.91,184878.55,11.51,9,21539.76,54.37,0.85,SAFE
Wheat,Uttar Pradesh,9.36,1.78,18956.68,58867.08,16.66,315818.29,256951.21,259722.84,7.3,12,22508.91,81.36,1.01,SAFE
Rice,Uttar Pradesh,2.4,3.56,21730.35,63825.05,8.54,185577.19,121752.14,282456.29,8.49,6,48248.62,65.61,2.32,MODERATE
Wheat,Bihar,6.01,3.64,18813.21,189279.38,21.88,411633.03,222353.65,157471.51,11.62,9,18354.86,54.02,0.71,SAFE
Rice,Bihar,4.17,3.27,21579.75,221736.95,13.64,294347.79,72610.84,53929.8,7.68,12,4683.29,24.67,0.74,MODERATE
Rice,Punjab,4.35,2.76,26197.02,169172.23,12.01,314626.21,145453.98,112928.56,8.31,9,12986.08,46.23,0.78,SAFE
Rice,Madhya Pradesh,5.88,1.61,28919.59,70516.87,9.47,273868.52,203351.65,278910.25,7.12,12,24148.63,74.25,1.37,SAFE
Wheat,Uttar Pradesh,1.6,3.18,27430.8,191302.27,5.09,139622.77,-51679.5,266558.09,8.1,6,45481.8,-37.01,999.0,RISKY
Wheat,Punjab,4.22,2.04,25451.15,148413.69,8.61,219134.4,70720.71,146380.52,9.46,6,25074.31,32.27,2.07,MODERATE
Wheat,Uttar Pradesh,6.96,3.72,28737.93,63722.07,25.89,744025.01,680302.94,107942.73,8.16,9,12405.1,91.44,0.16,SAFE
Wheat,Uttar Pradesh,3.68,3.48,23965.14,176111.68,12.81,306993.44,130881.76,88621.71,10.96,6,15246.02,42.63,0.68,SAFE
Rice,Uttar Pradesh,5.91,3.41,21012.68,186840.06,20.15,423405.5,236565.44,87487.26,7.67,9,10034.11,55.87,0.37,SAFE
Wheat,Bihar,1.33,1.89,21871.91,74021.96,2.51,54898.49,-19123.47,269323.13,9.71,6,46166.97,-34.83,999.0,RISKY
Rice,Punjab,1.62,2.96,27850.1,130748.31,4.8,133680.48,2932.17,46684.84,8.31,12,4067.74,2.19,15.92,RISKY
Rice,Bihar,9.98,3.16,23551.74,230967.35,31.54,742821.88,511854.53,162184.01,9.64,6,27795.75,68.91,0.32,SAFE
Rice,Bihar,5.64,2.38,18535.87,140337.54,13.42,248751.38,108413.84,53939.05,7.32,6,9182.75,43.58,0.5,MODERATE
Wheat,Bihar,1.64,2.6,20223.81,91798.33,4.26,86153.43,-5644.9,165311.9,11.29,9,19242.84,-6.55,999.0,RISKY
Rice,Bihar,6.72,3.96,22547.16,247182.71,26.61,599979.93,352797.22,100231.75,8.23,6,17108.57,58.8,0.28,SAFE
Wheat,Punjab,7.82,2.46,21387.13,134813.99,19.24,411488.38,276674.39,237782.12,8.29,9,27341.21,67.24,0.86,SAFE
Wheat,Bihar,3.92,2.5,24769.78,169241.82,9.8,242743.84,73502.02,127743.24,9.6,12,11206.91,30.28,1.74,MODERATE
Rice,Uttar Pradesh,6.26,3.69,25356.11,134775.36,23.1,585726.14,450950.78,92670.0,8.12,6,15812.84,76.99,0.21,SAFE
Wheat,Uttar Pradesh,6.08,3.74,20292.03,180821.97,22.74,461440.76,280618.79,223022.47,8.4,6,38086.38,60.81,0.79,SAFE
Wheat,Punjab,4.6,2.67,29504.52,67671.47,12.28,362315.51,294644.04,180956.43,9.52,6,31002.35,81.32,0.61,SAFE
Rice,Madhya Pradesh,3.01,3.68,22774.15,76977.11,11.08,252337.58,175360.47,155723.66,10.26,12,13709.42,69.49,0.89,SAFE
Wheat,Haryana,1.37,1.62,27063.6,249648.89,2.22,60081.19,-189567.7,30458.13,9.3,9,3516.73,-315.52,999.0,RISKY
Rice,Madhya Pradesh,6.37,3.89,22422.53,140749.29,24.78,555630.29,414881.0,194644.07,11.64,9,22689.53,74.67,0.47,SAFE
Rice,Madhya Pradesh,7.23,2.57,24435.88,164014.92,18.58,454018.65,290003.73,87058.26,7.61,6,14833.46,63.87,0.3,SAFE
Wheat,Uttar Pradesh,2.44,3.21,28616.83,94091.38,7.83,224069.78,129978.4,69191.83,10.84,9,8039.38,58.01,0.53,SAFE
Wheat,Madhya Pradesh,8.57,2.29,22958.21,107902.93,19.63,450669.66,342766.73,45368.53,10.86,9,5271.79,76.06,0.13,SAFE
Wheat,Haryana,2.05,2.58,22629.3,205743.18,5.29,119709.0,-86034.18,180129.69,8.04,12,15672.53,-71.87,999.0,RISKY
Rice,Haryana,7.28,2.68,19440.99,218359.5,19.51,379293.71,160934.21,224318.54,7.41,9,25700.14,42.43,1.39,SAFE
Rice,Madhya Pradesh,5.86,1.67,22288.11,62635.56,9.79,218200.6,155565.04,108236.67,8.25,9,12443.48,71.29,0.7,SAFE
Rice,Haryana,2.09,3.42,26081.62,130571.79,7.15,186483.58,55911.79,215869.77,7.63,6,36783.19,29.98,3.86,MODERATE
Rice,Bihar,9.88,1.77,26874.69,241402.23,17.49,470038.33,228636.1,258837.43,8.46,9,29782.99,48.64,1.13,SAFE
Wheat,Madhya Pradesh,8.12,2.09,26575.29,141522.1,16.97,450982.67,309460.57,160808.65,10.79,12,14196.79,68.62,0.52,SAFE
Wheat,Madhya Pradesh,5.95,3.99,22907.09,240022.13,23.74,543814.32,303792.19,188677.27,10.65,12,16644.82,55.86,0.62,SAFE
Wheat,Madhya Pradesh,5.37,1.98,23052.36,62579.08,10.63,245046.59,182467.51,185110.33,10.1,12,16282.75,74.46,1.01,SAFE
Rice,Madhya Pradesh,4.46,2.56,23247.1,84938.12,11.42,265481.88,180543.76,112050.32,7.44,9,12839.17,68.01,0.62,SAFE
Rice,Madhya Pradesh,5.0,1.7,19265.91,247431.51,8.5,163760.23,-83671.28,195204.88,11.88,12,17332.76,-51.09,999.0,RISKY
Wheat,Haryana,4.66,3.78,29066.53,245360.84,17.61,511861.59,266500.75,179867.18,10.6,12,15863.42,52.07,0.67,SAFE
Wheat,Madhya Pradesh,9.39,3.08,18061.71,208966.33,28.92,522344.65,313378.32,184729.67,10.1,9,21398.95,59.99,0.59,SAFE
Wheat,Madhya Pradesh,3.69,3.35,18972.63,67951.41,12.36,234501.71,166550.3,288589.28,9.53,6,49443.96,71.02,1.73,SAFE
Rice,Haryana,7.04,3.65,28258.5,56045.68,25.7,726243.45,670197.77,121075.0,8.24,12,10545.56,92.28,0.18,SAFE
Wheat,Haryana,6.56,2.43,25366.56,157914.49,15.94,404342.97,246428.48,279851.68,10.66,9,32492.04,60.95,1.14,SAFE
Rice,Haryana,3.4,2.35,23112.86,233659.28,7.99,184671.75,-48987.53,279130.93,11.22,6,48056.05,-26.53,999.0,RISKY
Rice,Bihar,8.05,1.85,18627.06,106137.8,14.89,277356.92,171219.12,142749.68,7.84,12,12407.01,61.73,0.83,SAFE
Rice,Punjab,4.79,1.84,24817.61,182680.57,8.81,218643.14,35962.57,249317.68,7.31,6,42443.37,16.45,6.93,RISKY
Wheat,Bihar,5.01,3.67,29110.34,176562.51,18.39,535339.15,358776.64,185004.81,9.01,9,21335.5,67.02,0.52,SAFE
Rice,Haryana,4.36,2.7,25411.05,203976.74,11.77,299088.06,95111.32,123478.29,10.46,9,14324.68,31.8,1.3,MODERATE
Rice,Uttar Pradesh,7.46,2.09,26646.63,249125.38,15.59,415420.96,166295.58,89073.32,10.04,12,7832.62,40.03,0.54,SAFE
Rice,Madhya Pradesh,7.38,1.95,22812.31,87286.86,14.39,328269.14,240982.28,152346.63,9.17,12,13334.95,73.41,0.63,SAFE
Wheat,Madhya Pradesh,9.65,3.62,20341.72,163986.28,34.93,710536.28,546550.0,239315.39,8.88,12,20915.17,76.92,0.44,SAFE
Wheat,Punjab,5.23,3.88,19800.76,54253.11,20.29,401757.42,347504.31,281600.13,8.92,9,32463.29,86.5,0.81,SAFE
Rice,Bihar,7.08,2.7,20788.84,142734.18,19.12,397482.62,254748.44,182644.66,7.79,9,20958.24,64.09,0.72,SAFE
Wheat,Uttar Pradesh,5.18,1.59,27503.68,56906.15,8.24,226630.32,169724.17,170453.19,9.6,6,29209.59,74.89,1.0,SAFE
Rice,Haryana,4.75,2.8,28394.18,175662.99,13.3,377642.59,201979.6,52012.5,7.66,12,4516.31,53.48,0.26,SAFE
Wheat,Bihar,1.11,2.19,28691.7,82281.37,2.43,69720.83,-12560.54,139093.33,7.63,9,15950.3,-18.02,999.0,RISKY
Rice,Bihar,7.48,3.63,23843.63,161487.79,27.15,647354.55,485866.76,219383.62,8.37,12,19121.39,75.05,0.45,SAFE
Wheat,Bihar,4.27,1.73,29488.38,121824.64,7.39,217919.13,96094.49,286676.63,10.4,12,25256.79,44.1,2.98,MODERATE
Wheat,Bihar,7.45,1.71,28006.34,151247.52,12.74,356800.77,205553.25,232170.91,7.46,12,20138.26,57.61,1.13,SAFE
Rice,Bihar,9.17,2.09,23655.95,136462.42,19.17,453484.56,317022.14,281899.96,8.32,12,24563.76,69.91,0.89,SAFE
Rice,Uttar Pradesh,2.44,1.54,29581.39,73504.85,3.76,111226.03,37721.18,104268.31,9.68,9,12057.65,33.91,2.76,RISKY
Wheat,Madhya Pradesh,4.53,1.74,25846.75,104494.42,7.88,203672.39,99177.97,251855.22,9.67,9,29123.5,48.69,2.54,MODERATE
Rice,Bihar,1.89,2.38,18418.21,86768.89,4.5,82881.94,-3886.95,190554.47,9.71,9,22038.54,-4.69,999.0,RISKY
Rice,Madhya Pradesh,4.2,2.28,23425.92,176516.52,9.58,224420.31,47903.79,88235.89,11.26,12,7809.14,21.35,1.84,RISKY
Wheat,Punjab,9.52,3.82,20687.5,243078.22,36.37,752404.38,509326.16,148679.3,9.3,6,25456.36,67.69,0.29,SAFE
Rice,Bihar,3.8,3.06,22417.33,175880.85,11.63,260713.55,84832.7,59481.32,10.38,6,10215.84,32.54,0.7,MODERATE
Rice,Haryana,2.17,3.8,29163.14,99378.59,8.25,240595.9,141217.31,115200.48,9.34,9,13303.34,58.69,0.82,SAFE
Wheat,Punjab,6.6,3.31,26967.03,57545.52,21.85,589229.61,531684.09,84507.51,8.12,9,9710.27,90.23,0.16,SAFE
Wheat,Punjab,4.7,1.91,22513.34,90618.54,8.98,202169.79,111551.25,186686.22,8.25,9,21462.46,55.18,1.67,MODERATE
Rice,Uttar Pradesh,7.88,2.34,20562.22,172466.86,18.44,379167.34,206700.48,188362.12,11.16,12,16661.82,54.51,0.91,SAFE
Rice,Uttar Pradesh,4.52,2.32,25291.63,159584.34,10.49,265309.2,105724.86,65838.77,7.35,12,5707.44,39.85,0.62,MODERATE
Wheat,Uttar Pradesh,5.17,3.73,19285.91,195403.45,19.28,371832.34,176428.89,296834.98,10.69,9,34468.09,47.45,1.68,SAFE
Wheat,Uttar Pradesh,7.35,3.94,18338.26,137994.09,28.96,531076.01,393081.92,213661.5,10.86,9,24827.31,74.02,0.54,SAFE
Rice,Haryana,3.29,3.44,22435.07,208170.91,11.32,253964.99,45794.08,69453.49,10.06,9,8044.13,18.03,1.52,RISKY
Rice,Punjab,3.86,3.99,24128.63,189084.87,15.4,371580.9,182496.03,167174.9,9.06,9,19283.23,49.11,0.92,SAFE
Wheat,Haryana,6.62,2.42,27658.54,186998.51,16.02,443089.81,256091.3,109617.51,10.49,12,9662.12,57.8,0.43,SAFE
Wheat,Bihar,7.33,3.64,28070.58,52003.68,26.68,748923.07,696919.39,282778.5,7.53,12,24537.05,93.06,0.41,SAFE
Wheat,Punjab,6.17,1.94,24299.88,142276.0,11.97,290869.56,148593.56,192159.18,9.37,12,16837.59,51.09,1.29,SAFE
Rice,Haryana,7.04,3.14,23847.21,210753.65,22.11,527261.81,316508.16,62145.53,9.05,6,10632.7,60.03,0.2,SAFE
Rice,Punjab,8.82,2.61,24835.12,207891.22,23.02,571704.46,363813.24,220123.92,10.3,12,19383.12,63.64,0.61,SAFE
Wheat,Uttar Pradesh,7.35,2.45,22861.34,209988.94,18.01,411732.73,201743.79,179397.58,9.4,6,30724.67,49.0,0.89,SAFE
Rice,Haryana,2.82,1.53,25448.47,85072.99,4.31,109682.91,24609.92,143214.48,7.81,12,12445.42,22.44,5.82,RISKY
Wheat,Bihar,6.53,2.53,25179.95,243453.78,16.52,415972.77,172518.99,289398.25,10.0,9,33509.99,41.47,1.68,SAFE
Rice,Uttar Pradesh,6.16,3.97,27027.78,128881.38,24.46,661099.5,532218.12,193420.62,9.25,9,22327.97,80.5,0.36,SAFE
Rice,Madhya Pradesh,8.91,3.05,22123.41,87063.06,27.18,601314.28,514251.22,224160.71,9.77,9,25931.62,85.52,0.44,SAFE
Rice,Punjab,9.19,2.74,23535.22,117653.98,25.18,592616.84,474962.86,177728.2,8.63,9,20464.45,80.15,0.37,SAFE
Wheat,Madhya Pradesh,1.41,2.08,20802.58,191619.02,2.93,60951.56,-130667.46,218424.65,7.81,6,37237.85,-214.38,999.0,RISKY
Wheat,Bihar,3.28,2.6,18272.31,143483.09,8.53,155862.8,12379.71,193386.45,9.27,6,33108.11,7.94,15.62,RISKY
Rice,Uttar Pradesh,8.0,1.74,23252.15,75396.85,13.92,323669.93,248273.08,225062.03,10.28,9,26090.2,76.71,0.91,SAFE
Wheat,Punjab,7.6,3.0,21045.08,133553.17,22.8,479827.82,346274.65,66291.98,10.91,9,7704.65,72.17,0.19,SAFE
Rice,Bihar,1.09,2.83,22565.83,180790.87,3.08,69502.76,-111288.11,296281.36,8.33,9,34073.29,-160.12,999.0,RISKY
Rice,Madhya Pradesh,7.44,2.1,26580.86,81953.74,15.62,415193.03,333239.29,274465.76,8.19,6,46843.2,80.26,0.82,SAFE
Rice,Madhya Pradesh,7.13,2.9,20097.41,105940.1,20.68,415614.44,309674.34,95364.88,8.42,9,10971.31,74.51,0.31,SAFE
